# 60 fps for 10 s, then 1 s black; order rows-sync; sync x2, 112 bytes, source type 0x00, counter on, bytes 16-18 ffffff, byte 26 01, bytes 31-32 013c, level 25, byte 36 00; brightness packet x2 at 25; row tail 08 88; bars at pixel 25; wait hybrid (spin 2 ms), qdisc bypass, stamps
frame,black,tick_ns,sync_ns,added_ns,burst_ns,driver_ns,driver_row_ns
0,0,0,84799,0,90136,4577,0
1,0,16666667,16735788,0,73220,16654454,16651390
2,0,33333333,33394818,0,64628,33313193,33310496
3,0,50000000,50058636,0,61516,49976942,49974307
4,0,66666667,66722349,0,60446,66641246,66637617
5,0,83333333,83391210,0,60947,83309552,83306771
6,0,100000000,100057191,0,59931,99975372,99972880
7,0,116666667,116723645,0,60464,116642580,116639035
8,0,133333333,133387295,0,58586,133306195,133302666
9,0,150000000,150053320,0,58268,149972435,149968605
10,0,166666667,166719201,0,56683,166638151,166634614
11,0,183333333,183404468,0,75131,183323202,183319722
12,0,200000000,200074255,0,78706,199993842,199988992
13,0,216666667,216768566,0,106978,216688355,216683673
14,0,233333333,233408326,0,78454,233327206,233323865
15,0,250000000,250058302,0,61281,249976679,249973913
16,0,266666667,266719553,0,57970,266638680,266634914
17,0,283333333,283388710,0,57995,283306808,283304328
18,0,300000000,300052930,0,57839,299971866,299968218
19,0,316666667,316719653,0,57227,316638753,316634992
20,0,333333333,333393358,0,62806,333311736,333308876
21,0,350000000,350092573,0,95190,350010649,350008242
22,0,366666667,366719846,0,57297,366638603,366635222
23,0,383333333,383386931,0,58090,383305880,383302282
24,0,400000000,400052811,0,57897,399971933,399968172
25,0,416666667,416719479,0,57562,416638490,416634847
26,0,433333333,433389387,0,59649,433308201,433304696
27,0,450000000,450053135,0,57652,449972415,449968501
28,0,466666667,466719313,0,56947,466638465,466634702
29,0,483333333,483386694,0,57402,483305546,483302083
30,0,500000000,500052749,0,57133,499971707,499968080
31,0,516666667,516720769,0,58687,516639903,516636114
32,0,533333333,533390152,0,61219,533309114,533305481
33,0,550000000,550056537,0,59190,549974593,549972103
34,0,566666667,566719590,0,57469,566638443,566634996
35,0,583333333,583386705,0,57681,583305720,583301959
36,0,600000000,600053861,0,58245,599972860,599969223
37,0,616666667,616719110,0,56482,616637962,616634557
38,0,633333333,633388326,0,60168,633307697,633303656
39,0,650000000,650053467,0,58195,649972557,649968868
40,0,666666667,666719640,0,58302,666638733,666635034
41,0,683333333,683386320,0,57513,683305161,683301689
42,0,700000000,700053275,0,57878,699972408,699968595
43,0,716666667,716719388,0,56772,716638227,716634739
44,0,733333333,733386095,0,57227,733305277,733301484
45,0,750000000,750061424,0,64337,749979748,749977025
46,0,766666667,766721450,0,59907,766640687,766636803
47,0,783333333,783386441,0,57241,783305249,783301827
48,0,800000000,800052522,0,56656,799971349,799967907
49,0,816666667,816719234,0,57647,816638553,816634625
50,0,833333333,833386385,0,57751,833305389,833301781
51,0,850000000,850092102,0,94854,850010218,850007808
52,0,866666667,866720150,0,58525,866639175,866635471
53,0,883333333,883386790,0,57873,883305713,883302085
54,0,900000000,900053551,0,57602,899972375,899968848
55,0,916666667,916719314,0,56832,916638244,916634665
56,0,933333333,933386124,0,56818,933304926,933301527
57,0,950000000,950092001,0,94746,950010149,950007590
58,0,966666667,966720459,0,58456,966639591,966635860
59,0,983333333,983386514,0,57521,983305537,983301869
60,0,1000000000,1000056373,0,59248,999974656,999971880
61,0,1016666667,1016721965,0,57771,1016639946,1016637626
62,0,1033333333,1033395818,0,66543,1033314945,1033311111
63,0,1050000000,1050111696,0,114885,1050030428,1050027211
64,0,1066666667,1066731732,0,69564,1066650195,1066647368
65,0,1083333333,1083408714,0,78704,1083327552,1083323926
66,0,1100000000,1100064037,0,67453,1099982546,1099979658
67,0,1116666667,1116725800,0,62942,1116644642,1116641361
68,0,1133333333,1133390642,0,60083,1133308764,1133306224
69,0,1150000000,1150102141,0,105083,1150020473,1150017679
70,0,1166666667,1166727516,0,63904,1166645897,1166643066
71,0,1183333333,1183387451,0,58767,1183306787,1183302826
72,0,1200000000,1200053769,0,58076,1199973139,1199969104
73,0,1216666667,1216721818,0,57982,1216640035,1216637414
74,0,1233333333,1233386600,0,58510,1233305892,1233301894
75,0,1250000000,1250054214,0,58903,1249973190,1249969606
76,0,1266666667,1266722488,0,60242,1266640662,1266638124
77,0,1283333333,1283386927,0,57893,1283305920,1283302294
78,0,1300000000,1300052777,0,57154,1299971866,1299968124
79,0,1316666667,1316719817,0,57584,1316638671,1316635268
80,0,1333333333,1333386853,0,57762,1333305705,1333302191
81,0,1350000000,1350053204,0,57833,1349972343,1349968602
82,0,1366666667,1366719202,0,56904,1366638166,1366634556
83,0,1383333333,1383386102,0,56891,1383305038,1383301526
84,0,1400000000,1400052775,0,56963,1399971780,1399968143
85,0,1416666667,1416719281,0,56576,1416638160,1416634639
86,0,1433333333,1433387431,0,58559,1433306295,1433302733
87,0,1450000000,1450052375,0,56519,1449971185,1449967779
88,0,1466666667,1466721768,0,59448,1466640912,1466637076
89,0,1483333333,1483386959,0,57580,1483305853,1483302258
90,0,1500000000,1500052599,0,57051,1499971597,1499967949
91,0,1516666667,1516720025,0,57796,1516638835,1516635408
92,0,1533333333,1533385647,0,57514,1533304685,1533301040
93,0,1550000000,1550055241,0,57795,1549973177,1549970889
94,0,1566666667,1566720148,0,57549,1566638934,1566635547
95,0,1583333333,1583386784,0,57742,1583305593,1583302170
96,0,1600000000,1600053055,0,57182,1599972033,1599968412
97,0,1616666667,1616745713,0,82065,1616664480,1616660962
98,0,1633333333,1633409744,0,80986,1633329119,1633324878
99,0,1650000000,1650076248,0,79596,1649995003,1649991658
100,0,1666666667,1666743398,0,79819,1666662096,1666658615
101,0,1683333333,1683392012,0,61510,1683310197,1683307579
102,0,1700000000,1700054050,0,59113,1699973195,1699969393
103,0,1716666667,1716719408,0,57450,1716638258,1716634781
104,0,1733333333,1733385501,0,56267,1733304384,1733300911
105,0,1750000000,1750053338,0,57796,1749972413,1749968510
106,0,1766666667,1766728250,0,64619,1766646595,1766643762
107,0,1783333333,1783387558,0,58558,1783306587,1783302925
108,0,1800000000,1800052792,0,59083,1799971970,1799968059
109,0,1816666667,1816719881,0,57553,1816638795,1816635237
110,0,1833333333,1833386076,0,56815,1833304945,1833301398
111,0,1850000000,1850052713,0,57047,1849971663,1849968145
112,0,1866666667,1866720129,0,58308,1866639203,1866635493
113,0,1883333333,1883391445,0,61109,1883309837,1883307088
114,0,1900000000,1900054125,0,58517,1899973320,1899969453
115,0,1916666667,1916722611,0,58808,1916640847,1916638118
116,0,1933333333,1933388084,0,59543,1933307073,1933303384
117,0,1950000000,1950053338,0,57690,1949972373,1949968692
118,0,1966666667,1966719519,0,57032,1966638446,1966634882
119,0,1983333333,1983424864,0,95462,1983343648,1983340216
120,0,2000000000,2000057638,0,60399,1999975772,1999973269
121,0,2016666667,2016720476,0,58574,2016639976,2016635832
122,0,2033333333,2033386646,0,57508,2033306023,2033301856
123,0,2050000000,2050055281,0,58158,2049973449,2049970785
124,0,2066666667,2066719487,0,56985,2066638491,2066634832
125,0,2083333333,2083389101,0,60203,2083307896,2083304477
126,0,2100000000,2100095083,0,97769,2100013224,2100010691
127,0,2116666667,2116721078,0,58540,2116640135,2116636484
128,0,2133333333,2133387166,0,58930,2133306277,2133302499
129,0,2150000000,2150053065,0,57708,2149971989,2149968257
130,0,2166666667,2166726964,0,63578,2166645536,2166642073
131,0,2183333333,2183396987,0,67814,2183315850,2183312609
132,0,2200000000,2200117080,0,102190,2200036259,2200032172
133,0,2216666667,2216736047,0,72768,2216655034,2216651676
134,0,2233333333,2233396032,0,66165,2233314519,2233311629
135,0,2250000000,2250058373,0,61519,2249976514,2249973977
136,0,2266666667,2266723239,0,59453,2266641252,2266638896
137,0,2283333333,2283394470,0,64598,2283313264,2283310051
138,0,2300000000,2300116297,0,119740,2300035168,2300031692
139,0,2316666667,2316724530,0,60811,2316642793,2316640022
140,0,2333333333,2333387311,0,58563,2333306467,2333302718
141,0,2350000000,2350105047,0,109743,2350024783,2350020311
142,0,2366666667,2366740088,0,78001,2366659232,2366655423
143,0,2383333333,2383409587,0,79315,2383328262,2383325163
144,0,2400000000,2400112068,0,115953,2400031562,2400027096
145,0,2416666667,2416725306,0,61805,2416643696,2416640858
146,0,2433333333,2433386590,0,57767,2433305510,2433302070
147,0,2450000000,2450052946,0,57047,2449971934,2449968359
148,0,2466666667,2466719602,0,59500,2466639021,2466634923
149,0,2483333333,2483387895,0,59028,2483307207,2483303188
150,0,2500000000,2500053178,0,57159,2499971999,2499968466
151,0,2516666667,2516723007,0,59221,2516641332,2516638572
152,0,2533333333,2533387576,0,58584,2533306682,2533302901
153,0,2550000000,2550055650,0,58568,2549973846,2549971232
154,0,2566666667,2566721225,0,59081,2566640209,2566636482
155,0,2583333333,2583386109,0,56756,2583305068,2583301531
156,0,2600000000,2600053489,0,57794,2599972612,2599968862
157,0,2616666667,2616721781,0,57620,2616639793,2616637380
158,0,2633333333,2633386357,0,57526,2633305622,2633301749
159,0,2650000000,2650052892,0,57550,2649971839,2649968301
160,0,2666666667,2666719639,0,57649,2666638524,2666635042
161,0,2683333333,2683387539,0,58705,2683306616,2683302887
162,0,2700000000,2700093515,0,96354,2700011773,2700009148
163,0,2716666667,2716724502,0,62187,2716643628,2716639931
164,0,2733333333,2733387656,0,59214,2733306658,2733303021
165,0,2750000000,2750053285,0,57985,2749972527,2749968614
166,0,2766666667,2766719924,0,57449,2766638902,2766635272
167,0,2783333333,2783386043,0,57423,2783304978,2783301369
168,0,2800000000,2800052971,0,57574,2799972001,2799968362
169,0,2816666667,2816727138,0,63448,2816645501,2816642779
170,0,2833333333,2833387532,0,58785,2833307018,2833302861
171,0,2850000000,2850053615,0,57855,2849972672,2849968971
172,0,2866666667,2866719133,0,59107,2866638552,2866634495
173,0,2883333333,2883386074,0,57087,2883305031,2883301448
174,0,2900000000,2900053385,0,57630,2899972304,2899968787
175,0,2916666667,2916722561,0,60694,2916642109,2916637955
176,0,2933333333,2933390849,0,60342,2933309156,2933306447
177,0,2950000000,2950054079,0,58870,2949973439,2949969449
178,0,2966666667,2966793504,0,127049,2966711937,2966709218
179,0,2983333333,2983388255,0,57726,2983306366,2983303894
180,0,3000000000,3000055816,0,58385,2999973885,2999971485
181,0,3016666667,3016719673,0,57098,3016638556,3016635100
182,0,3033333333,3033389717,0,59006,3033307702,3033305242
183,0,3050000000,3050052744,0,57195,3049971582,3049968138
184,0,3066666667,3066719557,0,57797,3066638562,3066634946
185,0,3083333333,3083386007,0,57780,3083305423,3083301435
186,0,3100000000,3100053618,0,58499,3099972738,3099968992
187,0,3116666667,3116719739,0,57233,3116638749,3116635091
188,0,3133333333,3133390909,0,60312,3133309075,3133306550
189,0,3150000000,3150052875,0,57011,3149971835,3149968266
190,0,3166666667,3166719350,0,56977,3166638383,3166634689
191,0,3183333333,3183386980,0,57984,3183306032,3183302329
192,0,3200000000,3200052752,0,56838,3199971611,3199968075
193,0,3216666667,3216719709,0,57252,3216638598,3216635044
194,0,3233333333,3233390396,0,61071,3233309345,3233305728
195,0,3250000000,3250055306,0,59663,3249974278,3249970654
196,0,3266666667,3266719585,0,57222,3266638444,3266634993
197,0,3283333333,3283387370,0,59113,3283306506,3283302655
198,0,3300000000,3300060920,0,64074,3299979213,3299976470
199,0,3316666667,3316727248,0,63673,3316645572,3316642577
200,0,3333333333,3333410826,0,82682,3333330059,3333325615
201,0,3350000000,3350123063,0,110797,3350042550,3350038256
202,0,3366666667,3366759504,0,97639,3366678950,3366674433
203,0,3383333333,3383439110,0,109302,3383358173,3383354229
204,0,3400000000,3400074212,0,77850,3399993046,3399989820
205,0,3416666667,3416731537,0,68194,3416649993,3416647217
206,0,3433333333,3433400164,0,71299,3433319217,3433315551
207,0,3450000000,3450060041,0,63319,3449978373,3449975699
208,0,3466666667,3466721802,0,59413,3466641144,3466637164
209,0,3483333333,3483387069,0,58291,3483306137,3483302348
210,0,3500000000,3500059067,0,61855,3499977276,3499974603
211,0,3516666667,3516720652,0,58536,3516639619,3516636078
212,0,3533333333,3533391812,0,62791,3533310808,3533307191
213,0,3550000000,3550056825,0,59689,3549974986,3549972387
214,0,3566666667,3566719648,0,57431,3566638732,3566635032
215,0,3583333333,3583386668,0,57409,3583305480,3583302097
216,0,3600000000,3600053169,0,57350,3599972068,3599968475
217,0,3616666667,3616719281,0,56848,3616638293,3616634700
218,0,3633333333,3633385538,0,56377,3633304457,3633300985
219,0,3650000000,3650053405,0,57651,3649972459,3649968799
220,0,3666666667,3666720112,0,57495,3666639017,3666635471
221,0,3683333333,3683389255,0,58779,3683307458,3683304905
222,0,3700000000,3700055622,0,58358,3699973748,3699971213
223,0,3716666667,3716719714,0,57757,3716638713,3716635036
224,0,3733333333,3733386832,0,58104,3733305849,3733302199
225,0,3750000000,3750095752,0,98712,3750014064,3750011275
226,0,3766666667,3766722691,0,58645,3766640812,3766638319
227,0,3783333333,3783386312,0,56987,3783305152,3783301762
228,0,3800000000,3800053736,0,58175,3799972725,3799969020
229,0,3816666667,3816719686,0,57190,3816638661,3816635052
230,0,3833333333,3833389127,0,58494,3833307261,3833304685
231,0,3850000000,3850094695,0,97371,3850012955,3850010303
232,0,3866666667,3866720574,0,59655,3866639736,3866635856
233,0,3883333333,3883386698,0,58171,3883305871,3883302139
234,0,3900000000,3900052757,0,57663,3899971929,3899968152
235,0,3916666667,3916719352,0,57051,3916638331,3916634716
236,0,3933333333,3933390931,0,62137,3933310177,3933306336
237,0,3950000000,3950053390,0,58150,3949972794,3949968742
238,0,3966666667,3966722722,0,58894,3966640918,3966638295
239,0,3983333333,3983387192,0,58253,3983306329,3983302521
240,0,4000000000,4000052937,0,57441,3999971833,3999968419
241,0,4016666667,4016720086,0,58069,4016639201,4016635448
242,0,4033333333,4033386095,0,57390,4033305003,4033301427
243,0,4050000000,4050052995,0,56901,4049971835,4049968289
244,0,4066666667,4066722730,0,60483,4066641726,4066638091
245,0,4083333333,4083388038,0,59252,4083307158,4083303375
246,0,4100000000,4100053625,0,57907,4099972635,4099968972
247,0,4116666667,4116719871,0,57777,4116638937,4116635134
248,0,4133333333,4133404287,0,74268,4133323088,4133319859
249,0,4150000000,4150073103,0,78403,4149992931,4149988134
250,0,4166666667,4166751299,0,89762,4166671303,4166666433
251,0,4183333333,4183405333,0,75339,4183324043,4183320769
252,0,4200000000,4200057865,0,60968,4199976374,4199973500
253,0,4216666667,4216720378,0,58073,4216639413,4216635681
254,0,4233333333,4233386318,0,57093,4233305274,4233301753
255,0,4250000000,4250053277,0,57655,4249972223,4249968673
256,0,4266666667,4266728513,0,65066,4266647135,4266643963
257,0,4283333333,4283391371,0,61280,4283309946,4283306897
258,0,4300000000,4300053519,0,58380,4299972666,4299968931
259,0,4316666667,4316719476,0,56986,4316638491,4316634851
260,0,4333333333,4333394820,0,64824,4333313379,4333309862
261,0,4350000000,4350052934,0,57066,4349971845,4349968308
262,0,4366666667,4366719652,0,57329,4366638708,4366635060
263,0,4383333333,4383388015,0,59003,4383307371,4383303376
264,0,4400000000,4400053254,0,58053,4399972295,4399968637
265,0,4416666667,4416719295,0,56938,4416638236,4416634518
266,0,4433333333,4433391495,0,62063,4433310605,4433306862
267,0,4450000000,4450060445,0,63453,4449978789,4449976045
268,0,4466666667,4466731103,0,69018,4466649676,4466646681
269,0,4483333333,4483417466,0,87827,4483336542,4483332780
270,0,4500000000,4500104853,0,108696,4500023660,4500020438
271,0,4516666667,4516731371,0,69607,4516650585,4516646880
272,0,4533333333,4533391254,0,60992,4533309656,4533306902
273,0,4550000000,4550058594,0,61578,4549977054,4549974197
274,0,4566666667,4566725477,0,61860,4566643908,4566641071
275,0,4583333333,4583397092,0,66845,4583315567,4583312610
276,0,4600000000,4600096052,0,98918,4600014422,4600011689
277,0,4616666667,4616721636,0,59718,4616640621,4616637043
278,0,4633333333,4633386256,0,57393,4633305358,4633301654
279,0,4650000000,4650052771,0,57680,4649971930,4649968159
280,0,4666666667,4666719624,0,57576,4666638721,4666634991
281,0,4683333333,4683390409,0,61123,4683309659,4683305761
282,0,4700000000,4700055293,0,59776,4699974508,4699970584
283,0,4716666667,4716739884,0,76451,4716658584,4716655171
284,0,4733333333,4733414388,0,86499,4733334155,4733329595
285,0,4750000000,4750112793,0,116020,4750031798,4750027851
286,0,4766666667,4766736134,0,72495,4766654657,4766651579
287,0,4783333333,4783393979,0,64788,4783313303,4783309200
288,0,4800000000,4800058970,0,61700,4799977114,4799974565
289,0,4816666667,4816720306,0,58218,4816639320,4816635689
290,0,4833333333,4833386662,0,57765,4833305616,4833301844
291,0,4850000000,4850053547,0,58310,4849972701,4849968924
292,0,4866666667,4866719707,0,57320,4866638721,4866635010
293,0,4883333333,4883386471,0,57451,4883305547,4883301764
294,0,4900000000,4900088257,0,105589,4900006820,4900003757
295,0,4916666667,4916722629,0,58480,4916640679,4916638230
296,0,4933333333,4933387621,0,58956,4933306679,4933302984
297,0,4950000000,4950348486,0,351236,4950266623,4950264040
298,0,4966666667,4966722553,0,58698,4966640687,4966638189
299,0,4983333333,4983407947,0,77384,4983326125,4983323507
300,0,5000000000,5000109828,0,112827,5000028040,5000025422
301,0,5016666667,5016722290,0,58401,5016640379,5016637933
302,0,5033333333,5033386890,0,57591,5033305765,5033302277
303,0,5050000000,5050053381,0,57833,5049972393,5049968700
304,0,5066666667,5066719757,0,57578,5066638845,5066635158
305,0,5083333333,5083386425,0,57787,5083305506,5083301765
306,0,5100000000,5100122546,0,125180,5100040850,5100038167
307,0,5116666667,5116722387,0,58379,5116640608,5116638079
308,0,5133333333,5133386043,0,58079,5133305120,5133301434
309,0,5150000000,5150053090,0,57362,5149972200,5149968347
310,0,5166666667,5166745373,0,83775,5166664831,5166660591
311,0,5183333333,5183407080,0,76631,5183325837,5183322506
312,0,5200000000,5200073301,0,77485,5199992686,5199988922
313,0,5216666667,5216758085,0,95589,5216677746,5216672645
314,0,5233333333,5233394321,0,64180,5233312766,5233309945
315,0,5250000000,5250054069,0,58472,5249972978,5249969453
316,0,5266666667,5266719957,0,57752,5266638956,5266635418
317,0,5283333333,5283385881,0,56706,5283304883,5283301271
318,0,5300000000,5300052975,0,57284,5299971846,5299968242
319,0,5316666667,5316720133,0,58184,5316639308,5316635555
320,0,5333333333,5333388040,0,58824,5333307174,5333303398
321,0,5350000000,5350092752,0,95782,5350011277,5350008348
322,0,5366666667,5366722008,0,57965,5366640193,5366637692
323,0,5383333333,5383385861,0,56548,5383304756,5383301260
324,0,5400000000,5400053153,0,57597,5399972289,5399968528
325,0,5416666667,5416721473,0,59377,5416640497,5416636836
326,0,5433333333,5433386205,0,57195,5433305159,5433301608
327,0,5450000000,5450052728,0,57216,5449971767,5449968162
328,0,5466666667,5466719869,0,57589,5466638840,5466635241
329,0,5483333333,5483386586,0,57748,5483305619,5483301963
330,0,5500000000,5500053280,0,57855,5499972240,5499968672
331,0,5516666667,5516720925,0,58480,5516639922,5516636233
332,0,5533333333,5533387816,0,57168,5533306027,5533303432
333,0,5550000000,5550055023,0,57695,5549973116,5549970613
334,0,5566666667,5566750009,0,87319,5566669092,5566665318
335,0,5583333333,5583425117,0,96027,5583344616,5583339593
336,0,5600000000,5600123078,0,110669,5600042218,5600038328
337,0,5616666667,5616801925,0,139003,5616721177,5616716792
338,0,5633333333,5633416426,0,86737,5633335587,5633331691
339,0,5650000000,5650090714,0,94605,5650010117,5650005700
340,0,5666666667,5666733847,0,71020,5666652778,5666649390
341,0,5683333333,5683393100,0,62839,5683311355,5683308782
342,0,5700000000,5700058068,0,60962,5699976241,5699973700
343,0,5716666667,5716731005,0,67347,5716649438,5716646492
344,0,5733333333,5733393240,0,63270,5733311814,5733308650
345,0,5750000000,5750054950,0,59393,5749974570,5749970297
346,0,5766666667,5766719661,0,57710,5766638669,5766634983
347,0,5783333333,5783386253,0,57448,5783305372,5783301625
348,0,5800000000,5800053276,0,57654,5799972405,5799968620
349,0,5816666667,5816719146,0,56883,5816638219,5816634511
350,0,5833333333,5833387949,0,59192,5833306901,5833303250
351,0,5850000000,5850054135,0,58526,5849973565,5849969530
352,0,5866666667,5866719980,0,59747,5866639157,5866635285
353,0,5883333333,5883386661,0,58267,5883305784,5883301854
354,0,5900000000,5900052747,0,57693,5899971810,5899968162
355,0,5916666667,5916719618,0,56999,5916638494,5916634858
356,0,5933333333,5933388339,0,59743,5933307457,5933303715
357,0,5950000000,5950054116,0,58283,5949972974,5949969477
358,0,5966666667,5966720005,0,57508,5966638943,5966635401
359,0,5983333333,5983386492,0,57580,5983305388,5983301882
360,0,6000000000,6000053800,0,57729,5999972921,5999969218
361,0,6016666667,6016719942,0,58080,6016639087,6016635247
362,0,6033333333,6033385894,0,56703,6033304803,6033301303
363,0,6050000000,6050056413,0,59050,6049974447,6049972034
364,0,6066666667,6066720381,0,58439,6066639798,6066635630
365,0,6083333333,6083386447,0,57357,6083305416,6083301668
366,0,6100000000,6100112002,0,97083,6100030939,6100027538
367,0,6116666667,6116745912,0,83041,6116665028,6116660767
368,0,6133333333,6133409953,0,80249,6133328963,6133325442
369,0,6150000000,6150115017,0,118464,6150034218,6150030365
370,0,6166666667,6166726959,0,63117,6166645184,6166642534
371,0,6183333333,6183388653,0,58308,6183306994,6183304310
372,0,6200000000,6200053490,0,57646,6199972427,6199968859
373,0,6216666667,6216720739,0,58316,6216639710,6216636123
374,0,6233333333,6233386098,0,56907,6233305110,6233301509
375,0,6250000000,6250095533,0,98607,6250013976,6250011138
376,0,6266666667,6266720030,0,57471,6266638898,6266635360
377,0,6283333333,6283389142,0,58813,6283307538,6283304712
378,0,6300000000,6300054207,0,58528,6299973549,6299969504
379,0,6316666667,6316719966,0,57745,6316639019,6316635354
380,0,6333333333,6333391344,0,60897,6333309532,6333306951
381,0,6350000000,6350094255,0,96938,6350012390,6350009864
382,0,6366666667,6366743295,0,80236,6366662438,6366658703
383,0,6383333333,6383416215,0,86121,6383335226,6383331260
384,0,6400000000,6400112650,0,115908,6400031391,6400027797
385,0,6416666667,6416735413,0,72229,6416654435,6416651037
386,0,6433333333,6433388804,0,58548,6433307260,6433304125
387,0,6450000000,6450097779,0,100650,6450016253,6450013438
388,0,6466666667,6466722400,0,58760,6466640828,6466637991
389,0,6483333333,6483386994,0,58328,6483306251,6483302341
390,0,6500000000,6500055066,0,59495,6499974227,6499970380
391,0,6516666667,6516719849,0,57365,6516638838,6516635230
392,0,6533333333,6533386284,0,57302,6533305216,6533301677
393,0,6550000000,6550054608,0,57319,6549972770,6549970117
394,0,6566666667,6566720695,0,58736,6566640187,6566636060
395,0,6583333333,6583386992,0,58054,6583306023,6583302338
396,0,6600000000,6600052986,0,57386,6599972164,6599968392
397,0,6616666667,6616719843,0,57529,6616638857,6616635004
398,0,6633333333,6633388070,0,57385,6633306114,6633303697
399,0,6650000000,6650053192,0,57355,6649972091,6649968488
400,0,6666666667,6666724894,0,63916,6666643666,6666640171
401,0,6683333333,6683387091,0,58288,6683305998,6683302515
402,0,6700000000,6700052691,0,57339,6699971664,6699968067
403,0,6716666667,6716722134,0,60246,6716641359,6716637518
404,0,6733333333,6733393805,0,63449,6733312206,6733309407
405,0,6750000000,6750064197,0,67510,6749982790,6749979803
406,0,6766666667,6766752582,0,89483,6766671862,6766667837
407,0,6783333333,6783398908,0,69663,6783317525,6783314567
408,0,6800000000,6800061404,0,64441,6799979893,6799977017
409,0,6816666667,6816724519,0,60834,6816642837,6816640225
410,0,6833333333,6833389551,0,59421,6833308180,6833305184
411,0,6850000000,6850059620,0,62739,6849977792,6849975307
412,0,6866666667,6866726508,0,64062,6866645671,6866641906
413,0,6883333333,6883392166,0,61725,6883310564,6883307768
414,0,6900000000,6900057329,0,60142,6899975532,6899972906
415,0,6916666667,6916736635,0,73036,6916655286,6916652004
416,0,6933333333,6933406974,0,78357,6933326971,6933322075
417,0,6950000000,6950109720,0,113306,6950028831,6950025005
418,0,6966666667,6966735666,0,72534,6966654505,6966651148
419,0,6983333333,6983399381,0,70409,6983318449,6983314863
420,0,7000000000,7000055173,0,59821,6999974245,6999970569
421,0,7016666667,7016719868,0,57179,7016638647,7016635250
422,0,7033333333,7033388605,0,58087,7033306889,7033304198
423,0,7050000000,7050052827,0,57342,7049971945,7049968206
424,0,7066666667,7066719422,0,57645,7066638655,7066634803
425,0,7083333333,7083387570,0,58509,7083307001,7083302884
426,0,7100000000,7100056064,0,58855,7099974301,7099971683
427,0,7116666667,7116719544,0,57271,7116638778,7116634865
428,0,7133333333,7133386420,0,57131,7133305322,7133301782
429,0,7150000000,7150053031,0,57371,7149971957,7149968415
430,0,7166666667,7166721839,0,59640,7166640987,7166637152
431,0,7183333333,7183385969,0,57265,7183305369,7183301376
432,0,7200000000,7200055664,0,58237,7199973758,7199971249
433,0,7216666667,7216720652,0,58028,7216639667,7216635981
434,0,7233333333,7233389217,0,58542,7233307372,7233304775
435,0,7250000000,7250053358,0,57392,7249972200,7249968736
436,0,7266666667,7266719410,0,56680,7266638251,7266634828
437,0,7283333333,7283389208,0,60060,7283308421,7283304600
438,0,7300000000,7300056339,0,59292,7299974779,7299971932
439,0,7316666667,7316720423,0,57969,7316639326,7316635780
440,0,7333333333,7333385618,0,56251,7333304430,7333301014
441,0,7350000000,7350059424,0,63244,7349978548,7349974666
442,0,7366666667,7366719112,0,56779,7366638305,7366634719
443,0,7383333333,7383386312,0,57290,7383305366,7383301724
444,0,7400000000,7400054614,0,58842,7399973496,7399969874
445,0,7416666667,7416720125,0,57881,7416639290,7416635498
446,0,7433333333,7433386196,0,56768,7433304970,7433301498
447,0,7450000000,7450070415,0,75320,7449989690,7449985824
448,0,7466666667,7466736931,0,73644,7466655760,7466652494
449,0,7483333333,7483406804,0,76363,7483325220,7483322366
450,0,7500000000,7500120474,0,125360,7500039887,7500035831
451,0,7516666667,7516726340,0,62867,7516644752,7516641894
452,0,7533333333,7533389036,0,59021,7533307595,7533304716
453,0,7550000000,7550055857,0,58737,7549974133,7549971382
454,0,7566666667,7566719801,0,57535,7566639076,7566635192
455,0,7583333333,7583386387,0,57337,7583305319,7583301812
456,0,7600000000,7600114675,0,120788,7600033429,7600029936
457,0,7616666667,7616722360,0,58565,7616640659,7616637974
458,0,7633333333,7633386239,0,57701,7633305422,7633301683
459,0,7650000000,7650053148,0,57585,7649972355,7649968535
460,0,7666666667,7666719368,0,56984,7666638414,7666634672
461,0,7683333333,7683386383,0,57110,7683305283,7683301812
462,0,7700000000,7700095933,0,98747,7700014100,7700011487
463,0,7716666667,7716722410,0,59466,7716641418,7716637798
464,0,7733333333,7733388686,0,57950,7733306706,7733304325
465,0,7750000000,7750053013,0,57463,7749972017,7749968319
466,0,7766666667,7766719361,0,57943,7766638707,7766634765
467,0,7783333333,7783386203,0,57081,7783305301,7783301542
468,0,7800000000,7800053701,0,57829,7799972649,7799969075
469,0,7816666667,7816722855,0,58979,7816641071,7816638513
470,0,7833333333,7833386562,0,57294,7833305536,7833301957
471,0,7850000000,7850093124,0,77049,7850011418,7850008700
472,0,7866666667,7866728384,0,65029,7866646946,7866643959
473,0,7883333333,7883394738,0,65044,7883313725,7883310326
474,0,7900000000,7900072350,0,76310,7899991431,7899987657
475,0,7916666667,7916745633,0,83736,7916665344,7916660804
476,0,7933333333,7933394675,0,64094,7933312987,7933310310
477,0,7950000000,7950057956,0,60524,7949975979,7949973633
478,0,7966666667,7966724500,0,60836,7966642860,7966640157
479,0,7983333333,7983392494,0,62315,7983310824,7983308085
480,0,8000000000,8000056179,0,59141,7999974555,7999971830
481,0,8016666667,8016726812,0,63001,8016645026,8016642419
482,0,8033333333,8033386932,0,57802,8033306116,8033302299
483,0,8050000000,8050054002,0,58578,8049973074,8049969323
484,0,8066666667,8066719775,0,57391,8066638839,8066635167
485,0,8083333333,8083386313,0,57264,8083305221,8083301698
486,0,8100000000,8100055513,0,59828,8099974970,8099970825
487,0,8116666667,8116722621,0,60241,8116641853,8116638030
488,0,8133333333,8133388214,0,57497,8133306392,8133303871
489,0,8150000000,8150053095,0,57757,8149972341,8149968481
490,0,8166666667,8166719645,0,57590,8166638727,8166635059
491,0,8183333333,8183386557,0,57472,8183305590,8183301892
492,0,8200000000,8200052625,0,56936,8199971748,8199968031
493,0,8216666667,8216721350,0,59363,8216640233,8216636750
494,0,8233333333,8233391280,0,62797,8233311537,8233306792
495,0,8250000000,8250093098,0,95798,8250011252,8250008690
496,0,8266666667,8266722519,0,58547,8266640624,8266638176
497,0,8283333333,8283386645,0,57956,8283305822,8283302043
498,0,8300000000,8300052899,0,57584,8299971996,8299968351
499,0,8316666667,8316719477,0,57123,8316638501,8316634826
500,0,8333333333,8333387608,0,59455,8333306986,8333302960
501,0,8350000000,8350053496,0,58308,8349972559,8349968802
502,0,8366666667,8366720079,0,57613,8366639021,8366635452
503,0,8383333333,8383388934,0,58273,8383307022,8383304542
504,0,8400000000,8400055476,0,57982,8399973559,8399971160
505,0,8416666667,8416719554,0,57633,8416638550,8416634706
506,0,8433333333,8433387288,0,58557,8433306708,8433302586
507,0,8450000000,8450053036,0,57861,8449972224,8449968414
508,0,8466666667,8466720249,0,58166,8466639424,8466635612
509,0,8483333333,8483386007,0,56663,8483304872,8483301359
510,0,8500000000,8500055760,0,58319,8499973895,8499971335
511,0,8516666667,8516719429,0,56810,8516638348,8516634784
512,0,8533333333,8533387367,0,58518,8533306424,8533302722
513,0,8550000000,8550055533,0,58135,8549973654,8549971200
514,0,8566666667,8566719415,0,57529,8566638367,8566634761
515,0,8583333333,8583385993,0,57095,8583305070,8583301329
516,0,8600000000,8600087383,0,90049,8600005643,8600003008
517,0,8616666667,8616722289,0,58179,8616640341,8616637884
518,0,8633333333,8633391128,0,60414,8633309253,8633306679
519,0,8650000000,8650056091,0,58714,8649974185,8649971779
520,0,8666666667,8666722013,0,59206,8666640156,8666637674
521,0,8683333333,8683385924,0,56805,8683304808,8683301334
522,0,8700000000,8700052608,0,57698,8699971874,8699967940
523,0,8716666667,8716719669,0,57037,8716638550,8716635057
524,0,8733333333,8733386366,0,57457,8733305421,8733301794
525,0,8750000000,8750056272,0,59193,8749974619,8749971886
526,0,8766666667,8766720406,0,58118,8766639379,8766635806
527,0,8783333333,8783386437,0,57376,8783305541,8783301767
528,0,8800000000,8800053644,0,58338,8799972852,8799968964
529,0,8816666667,8816720079,0,57812,8816639309,8816635116
530,0,8833333333,8833389004,0,58331,8833307158,8833304585
531,0,8850000000,8850092176,0,94983,8850010406,8850007793
532,0,8866666667,8866723044,0,59053,8866641217,8866638712
533,0,8883333333,8883386277,0,56996,8883305145,8883301664
534,0,8900000000,8900052749,0,57167,8899971910,8899968132
535,0,8916666667,8916718943,0,56557,8916637948,8916634349
536,0,8933333333,8933385940,0,57259,8933304947,8933301261
537,0,8950000000,8950054344,0,58329,8949973388,8949969710
538,0,8966666667,8966719362,0,56827,8966638298,8966634847
539,0,8983333333,8983393598,0,65118,8983313343,8983308996
540,0,9000000000,9000061046,0,64119,8999979450,8999976619
541,0,9016666667,9016731680,0,69092,9016650521,9016647327
542,0,9033333333,9033404973,0,75425,9033324100,9033320480
543,0,9050000000,9050065164,0,69335,9049984609,9049980771
544,0,9066666667,9066725555,0,61532,9066643740,9066641209
545,0,9083333333,9083389978,0,59657,9083308255,9083305633
546,0,9100000000,9100094346,0,97797,9100013111,9100009923
547,0,9116666667,9116725550,0,61704,9116643812,9116641105
548,0,9133333333,9133386735,0,57725,9133305819,9133302136
549,0,9150000000,9150053665,0,58189,9149972655,9149968965
550,0,9166666667,9166725209,0,61804,9166643988,9166640744
551,0,9183333333,9183386594,0,57512,9183305625,9183301971
552,0,9200000000,9200052288,0,56350,9199971201,9199967688
553,0,9216666667,9216719135,0,56482,9216637969,9216634556
554,0,9233333333,9233388184,0,57768,9233306391,9233303806
555,0,9250000000,9250052735,0,57133,9249971802,9249968015
556,0,9266666667,9266723774,0,60045,9266642037,9266639379
557,0,9283333333,9283396332,0,66552,9283315170,9283311786
558,0,9300000000,9300108306,0,94232,9300027343,9300023870
559,0,9316666667,9316746126,0,82906,9316665351,9316661407
560,0,9333333333,9333407615,0,78648,9333327366,9333322782
561,0,9350000000,9350097916,0,100699,9350016170,9350013538
562,0,9366666667,9366727696,0,64169,9366646292,9366643226
563,0,9383333333,9383387794,0,58634,9383306607,9383303178
564,0,9400000000,9400053481,0,57967,9399972648,9399968755
565,0,9416666667,9416719416,0,56871,9416638359,9416634727
566,0,9433333333,9433385216,0,55906,9433303983,9433300692
567,0,9450000000,9450052536,0,56975,9449971663,9449967977
568,0,9466666667,9466722380,0,58275,9466640418,9466638060
569,0,9483333333,9483386897,0,58428,9483305906,9483302249
570,0,9500000000,9500052790,0,57529,9499971847,9499968054
571,0,9516666667,9516719815,0,57561,9516638987,9516635287
572,0,9533333333,9533386193,0,56831,9533305104,9533301534
573,0,9550000000,9550055584,0,58300,9549973778,9549971146
574,0,9566666667,9566719703,0,57148,9566638548,9566635065
575,0,9583333333,9583397085,0,66546,9583315318,9583312654
576,0,9600000000,9600071510,0,88687,9599989811,9599986949
577,0,9616666667,9616719461,0,57050,9616638436,9616634768
578,0,9633333333,9633385949,0,57214,9633305028,9633301276
579,0,9650000000,9650055857,0,58544,9649973943,9649971397
580,0,9666666667,9666719313,0,56769,9666638238,9666634688
581,0,9683333333,9683388746,0,59859,9683307715,9683304166
582,0,9700000000,9700053540,0,57762,9699972479,9699968857
583,0,9716666667,9716719380,0,57007,9716638397,9716634743
584,0,9733333333,9733386852,0,58214,9733306198,9733302140
585,0,9750000000,9750055720,0,58947,9749974348,9749971320
586,0,9766666667,9766719435,0,56893,9766638224,9766634814
587,0,9783333333,9783389538,0,60505,9783308617,9783304819
588,0,9800000000,9800052434,0,56190,9799971206,9799967808
589,0,9816666667,9816719306,0,57069,9816638446,9816634617
590,0,9833333333,9833386564,0,57350,9833305489,9833301905
591,0,9850000000,9850052730,0,56978,9849971639,9849968117
592,0,9866666667,9866722725,0,61242,9866640987,9866638341
593,0,9883333333,9883389726,0,60074,9883308624,9883305027
594,0,9900000000,9900091773,0,94575,9900009949,9900007253
595,0,9916666667,9916721686,0,57788,9916639927,9916637335
596,0,9933333333,9933388705,0,58098,9933306899,9933304351
597,0,9950000000,9950052845,0,57176,9949971828,9949968240
598,0,9966666667,9966725226,0,62793,9966644282,9966640638
599,0,9983333333,9983389708,0,59197,9983308042,9983305344
600,1,10000000000,10000057724,0,60513,9999975959,9999973384
601,1,10016666667,10016720047,0,58180,10016639252,10016635335
602,1,10033333333,10033386818,0,57525,10033305890,10033302156
603,1,10050000000,10050052972,0,57376,10049972139,10049968319
604,1,10066666667,10066719247,0,56746,10066638215,10066634578
605,1,10083333333,10083385811,0,56685,10083304775,10083301161
606,1,10100000000,10100053700,0,58388,10099972935,10099969069
607,1,10116666667,10116730964,0,67940,10116649990,10116646025
608,1,10133333333,10133394983,0,64687,10133313446,10133310644
609,1,10150000000,10150072572,0,76729,10149991902,10149988006
610,1,10166666667,10166736644,0,73334,10166655226,10166652322
611,1,10183333333,10183395101,0,65154,10183313853,10183310668
612,1,10200000000,10200113763,0,117300,10200032733,10200029235
613,1,10216666667,10216727712,0,64085,10216646269,10216643272
614,1,10233333333,10233395886,0,65638,10233314430,10233311475
615,1,10250000000,10250058008,0,60891,10249976242,10249973676
616,1,10266666667,10266720294,0,57884,10266639240,10266635614
617,1,10283333333,10283385965,0,57085,10283304983,10283301311
618,1,10300000000,10300057970,0,61625,10299976869,10299973197
619,1,10316666667,10316720309,0,58380,10316639630,10316635682
620,1,10333333333,10333386122,0,57404,10333305385,10333301420
621,1,10350000000,10350053626,0,57805,10349972571,10349968996
622,1,10366666667,10366728814,0,65038,10366647082,10366644272
623,1,10383333333,10383404436,0,74450,10383323236,10383319652
624,1,10400000000,10400112854,0,116462,10400031689,10400028013
625,1,10416666667,10416744079,0,81308,10416663325,10416659420
626,1,10433333333,10433403519,0,73683,10433322390,10433318983
627,1,10450000000,10450057249,0,60433,10449975714,10449972834
628,1,10466666667,10466720502,0,58074,10466639312,10466635871
629,1,10483333333,10483386811,0,58246,10483306140,10483302101
630,1,10500000000,10500052773,0,56862,10499971713,10499968136
631,1,10516666667,10516722231,0,59907,10516641226,10516637409
632,1,10533333333,10533393853,0,65391,10533313580,10533309203
633,1,10550000000,10550055605,0,58462,10549973811,10549971149
634,1,10566666667,10566719452,0,57533,10566638548,10566634630
635,1,10583333333,10583385686,0,56410,10583304614,10583301104
636,1,10600000000,10600067818,0,72188,10599986839,10599983086
637,1,10616666667,10616720631,0,58316,10616639521,10616636002
638,1,10633333333,10633386151,0,56957,10633305153,10633301513
639,1,10650000000,10650053117,0,57295,10649972097,10649968468
640,1,10666666667,10666719975,0,57942,10666639241,10666635376
641,1,10683333333,10683388938,0,58468,10683307243,10683304493
642,1,10700000000,10700052772,0,56890,10699971630,10699968106
643,1,10716666667,10716722563,0,60328,10716641350,10716637816
644,1,10733333333,10733386452,0,57431,10733305499,10733301799
645,1,10750000000,10750053389,0,57566,10749972224,10749968769
646,1,10766666667,10766719314,0,56975,10766638558,10766634744
647,1,10783333333,10783386750,0,57891,10783305773,10783302089
648,1,10800000000,10800052913,0,57943,10799972411,10799968232
649,1,10816666667,10816722857,0,60222,10816642058,10816638121
650,1,10833333333,10833386049,0,57068,10833304969,10833301383
651,1,10850000000,10850054024,0,58554,10849973002,10849969407
652,1,10866666667,10866719943,0,57523,10866639119,10866635320
653,1,10883333333,10883386063,0,57104,10883305326,10883301484
654,1,10900000000,10900052740,0,57043,10899971707,10899968069
655,1,10916666667,10916719537,0,57216,10916638675,10916634891
656,1,10933333333,10933386218,0,57497,10933305170,10933301569
657,1,10950000000,10950052938,0,57461,10949971865,10949968270
658,1,10966666667,10966719509,0,57586,10966638631,10966634904
659,1,10983333333,10983385824,0,56365,10983304633,10983301229
