# 55 fps for 20 s, then 1 s black; order sync-rows; sync x2, 112 bytes, source type 0x07, counter off, bytes 16-18 000000, byte 26 00, bytes 31-32 0000, level 25, byte 36 05; brightness packet x2 at 25; row tail 08 88; bars at pixel 128; wait hybrid (spin 2 ms), qdisc bypass, stamps
frame,black,tick_ns,sync_ns,added_ns,burst_ns,driver_ns,driver_row_ns
0,0,0,287,0,84129,0,65375
1,0,18181818,18182133,0,64169,18172163,18227024
2,0,36363636,36363934,0,59175,36352307,36404546
3,0,54545455,54545751,0,56641,54533473,54583751
4,0,72727273,72727572,0,57114,72715459,72766034
5,0,90909091,90909395,0,103860,90896836,90994567
6,0,109090909,109091315,0,68606,109082980,109141111
7,0,127272727,127273294,0,74005,127266913,127328372
8,0,145454545,145454929,0,75653,145449710,145511310
9,0,163636364,163636826,0,82056,163627342,163700178
10,0,181818182,181818561,0,65959,181808969,181865889
11,0,200000000,200000322,0,58917,199988289,200040581
12,0,218181818,218182183,0,110123,218171323,218273544
13,0,236363636,236363948,0,112079,236355334,236457320
14,0,254545455,254545748,0,72616,254533285,254599720
15,0,272727273,272727578,0,71117,272715159,272780049
16,0,290909091,290909394,0,103716,290897147,290978071
17,0,309090909,309091218,0,57090,309079025,309129732
18,0,327272727,327273015,0,54979,327260784,327309405
19,0,345454545,345454816,0,86475,345442479,345522604
20,0,363636364,363636690,0,72284,363624675,363690303
21,0,381818182,381818485,0,71099,381806043,381870960
22,0,400000000,400000293,0,101255,399987787,400082994
23,0,418181818,418182127,0,53422,418169715,418216920
24,0,436363636,436363935,0,54161,436351500,436399193
25,0,454545455,454545734,0,52536,454533247,454579696
26,0,472727273,472727593,0,85091,472715376,472794035
27,0,490909091,490909388,0,86202,490896836,490976960
28,0,509090909,509091187,0,57786,509078939,509130396
29,0,527272727,527273014,0,101719,527260510,527340144
30,0,545454545,545454839,0,53248,545442617,545489487
31,0,563636364,563636652,0,52955,563624165,563671017
32,0,581818182,581818475,0,53201,581806478,581852938
33,0,600000000,600000279,0,52411,599987745,600034114
34,0,618181818,618182106,0,52443,618169594,618215996
35,0,636363636,636363925,0,54358,636351657,636399654
36,0,654545455,654545754,0,86476,654533272,654613590
37,0,672727273,672727546,0,90450,672721522,672799326
38,0,690909091,690909374,0,58956,690897780,690949719
39,0,709090909,709099952,0,118708,709120897,709199865
40,0,727272727,727273409,0,94985,727271217,727336702
41,0,745454545,745455270,0,97614,745453397,745533944
42,0,763636364,763636649,0,87671,763624277,763705671
43,0,781818182,781818489,0,71619,781805922,781871501
44,0,800000000,800000311,0,56200,799988013,800037858
45,0,818181818,818182109,0,55013,818169948,818218522
46,0,836363636,836363930,0,55069,836352042,836400330
47,0,854545455,854545743,0,56158,854533903,854583322
48,0,872727273,872727592,0,55714,872715320,872764705
49,0,890909091,890909363,0,53853,890896797,890944677
50,0,909090909,909091195,0,53190,909078760,909125850
51,0,927272727,927273005,0,85125,927260483,927339486
52,0,945454545,945454830,0,55852,945442498,945491632
53,0,963636364,963636647,0,54036,963624307,963672080
54,0,981818182,981818458,0,54196,981806748,981854079
55,0,1000000000,1000000287,0,55771,999987922,1000037406
56,0,1018181818,1018182133,0,70721,1018169652,1018234234
57,0,1036363636,1036363937,0,69211,1036351524,1036414458
58,0,1054545455,1054545716,0,69803,1054533261,1054596704
59,0,1072727273,1072727548,0,54180,1072715072,1072763181
60,0,1090909091,1090909383,0,74298,1090896912,1090964978
61,0,1109090909,1109091212,0,84304,1109078680,1109156938
62,0,1127272727,1127272999,0,52880,1127260511,1127307272
63,0,1145454545,1145454831,0,52992,1145442316,1145489270
64,0,1163636364,1163636639,0,53896,1163624552,1163671271
65,0,1181818182,1181818472,0,52754,1181806040,1181852625
66,0,1200000000,1200000276,0,52819,1199987803,1200034474
67,0,1218181818,1218182096,0,52821,1218169702,1218216310
68,0,1236363636,1236364007,0,63044,1236354528,1236408426
69,0,1254545455,1254545800,0,113376,1254535963,1254640488
70,0,1272727273,1272728083,0,80299,1272725413,1272789633
71,0,1290909091,1290909547,0,116106,1290902446,1290992777
72,0,1309090909,1309091440,0,70184,1309085143,1309142926
73,0,1327272727,1327273238,0,60186,1327261313,1327314736
74,0,1345454545,1345454873,0,58438,1345443984,1345494673
75,0,1363636364,1363636783,0,121219,1363631086,1363739103
76,0,1381818182,1381818462,0,87737,1381806138,1381885749
77,0,1400000000,1400000290,0,71743,1399987814,1400053357
78,0,1418181818,1418182096,0,52761,1418169540,1418216294
79,0,1436363636,1436363913,0,53208,1436351436,1436398531
80,0,1454545455,1454545748,0,53100,1454533501,1454580265
81,0,1472727273,1472727622,0,55843,1472715629,1472764870
82,0,1490909091,1490909378,0,72891,1490896865,1490963621
83,0,1509090909,1509091166,0,53413,1509078672,1509125989
84,0,1527272727,1527273033,0,52705,1527260581,1527307151
85,0,1545454545,1545454865,0,53183,1545442329,1545489407
86,0,1563636364,1563636662,0,55577,1563624772,1563673589
87,0,1581818182,1581818544,0,106120,1581806808,1581905986
88,0,1600000000,1600000309,0,85509,1599987714,1600067271
89,0,1618181818,1618182095,0,70940,1618169617,1618234344
90,0,1636363636,1636363904,0,52362,1636351472,1636397681
91,0,1654545455,1654545712,0,52879,1654533141,1654579973
92,0,1672727273,1672727741,0,137162,1672717165,1672843662
93,0,1690909091,1690909395,0,72648,1690896945,1690963315
94,0,1709090909,1709091219,0,53367,1709078777,1709126008
95,0,1727272727,1727273026,0,102121,1727260490,1727340476
96,0,1745454545,1745454839,0,55188,1745442565,1745491467
97,0,1763636364,1763636975,0,87009,1763641770,1763705122
98,0,1781818182,1781818990,0,86758,1781819514,1781886458
99,0,1800000000,1800000649,0,79041,1799997385,1800060872
100,0,1818181818,1818182128,0,59162,1818172152,1818222618
101,0,1836363636,1836363932,0,57493,1836352247,1836402845
102,0,1854545455,1854545767,0,54858,1854533620,1854582059
103,0,1872727273,1872727556,0,55382,1872715169,1872764295
104,0,1890909091,1890909378,0,110325,1890897918,1891000954
105,0,1909090909,1909091210,0,72410,1909078732,1909144845
106,0,1927272727,1927273048,0,85517,1927260622,1927339546
107,0,1945454545,1945454819,0,71805,1945442322,1945507954
108,0,1963636364,1963636671,0,103171,1963624119,1963703524
109,0,1981818182,1981818456,0,71125,1981805943,1981870943
110,0,2000000000,2000000300,0,54870,1999988289,2000036568
111,0,2018181818,2018182128,0,102248,2018169704,2018250061
112,0,2036363636,2036363926,0,70525,2036351382,2036415932
113,0,2054545455,2054545750,0,70181,2054533192,2054597341
114,0,2072727273,2072727558,0,86342,2072715255,2072795228
115,0,2090909091,2090909392,0,107634,2090896909,2090998421
116,0,2109090909,2109091195,0,76998,2109085036,2109149488
117,0,2127272727,2127273000,0,69711,2127260498,2127324013
118,0,2145454545,2145454840,0,85452,2145442434,2145521648
119,0,2163636364,2163636651,0,69653,2163624164,2163687623
120,0,2181818182,2181818492,0,55006,2181806358,2181854944
121,0,2200000000,2200000266,0,86571,2199987942,2200068152
122,0,2218181818,2218182123,0,86656,2218169605,2218250153
123,0,2236363636,2236363915,0,83908,2236351390,2236429218
124,0,2254545455,2254545759,0,70766,2254533307,2254597849
125,0,2272727273,2272727568,0,69388,2272715042,2272778260
126,0,2290909091,2290909401,0,99302,2290897056,2290990066
127,0,2309090909,2309091195,0,53500,2309078661,2309126106
128,0,2327272727,2327273010,0,55197,2327260715,2327307981
129,0,2345454545,2345454831,0,86039,2345442307,2345522136
130,0,2363636364,2363636661,0,57207,2363624674,2363675284
131,0,2381818182,2381818755,0,64849,2381809386,2381864866
132,0,2400000000,2400007372,0,80132,2400006137,2400068667
133,0,2418181818,2418182321,0,75144,2418178183,2418238669
134,0,2436363636,2436364447,0,67970,2436356485,2436413689
135,0,2454545455,2454545845,0,64113,2454535718,2454591306
136,0,2472727273,2472727542,0,58542,2472715920,2472767460
137,0,2490909091,2490909424,0,62969,2490898237,2490953621
138,0,2509090909,2509091278,0,66720,2509082495,2509139198
139,0,2527272727,2527272999,0,56228,2527260743,2527310667
140,0,2545454545,2545454856,0,55452,2545442650,2545491679
141,0,2563636364,2563636648,0,54815,2563624278,2563672822
142,0,2581818182,2581818481,0,54538,2581806031,2581854467
143,0,2600000000,2600000292,0,89544,2599987805,2600071148
144,0,2618181818,2618182112,0,87072,2618170062,2618250548
145,0,2636363636,2636363922,0,53960,2636351424,2636399283
146,0,2654545455,2654545728,0,52938,2654533307,2654580124
147,0,2672727273,2672727547,0,84453,2672714983,2672793325
148,0,2690909091,2690909409,0,104015,2690896919,2690977662
149,0,2709090909,2709091241,0,86388,2709078924,2709158964
150,0,2727272727,2727273026,0,71888,2727260566,2727326284
151,0,2745454545,2745454834,0,85308,2745442305,2745521479
152,0,2763636364,2763636639,0,85819,2763624173,2763703797
153,0,2781818182,2781818476,0,57787,2781806356,2781857614
154,0,2800000000,2800000319,0,71417,2799988158,2800053036
155,0,2818181818,2818182090,0,69812,2818169589,2818233206
156,0,2836363636,2836363935,0,52667,2836351384,2836398003
157,0,2854545455,2854545744,0,52820,2854533203,2854579938
158,0,2872727273,2872727539,0,53001,2872714941,2872761976
159,0,2890909091,2890909390,0,102001,2890896903,2890976783
160,0,2909090909,2909091183,0,70595,2909078677,2909143091
161,0,2927272727,2927273031,0,73157,2927260801,2927327503
162,0,2945454545,2945454852,0,86031,2945442270,2945522199
163,0,2963636364,2963636664,0,84415,2963624139,2963702300
164,0,2981818182,2981818467,0,71507,2981805957,2981871306
165,0,3000000000,3000000286,0,100894,2999987764,3000066548
166,0,3018181818,3018182132,0,53753,3018169629,3018217271
167,0,3036363636,3036363930,0,53016,3036351473,3036398299
168,0,3054545455,3054545731,0,53514,3054533183,3054580653
169,0,3072727273,3072727578,0,85067,3072715078,3072793978
170,0,3090909091,3090909394,0,109527,3090900875,3091000077
171,0,3109090909,3109091193,0,85745,3109078637,3109158260
172,0,3127272727,3127273045,0,63083,3127261959,3127316023
173,0,3145454545,3145455349,0,80784,3145452394,3145517365
174,0,3163636364,3163637042,0,82486,3163635271,3163700756
175,0,3181818182,3181818802,0,93814,3181814876,3181893761
176,0,3200000000,3200000370,0,60865,3199989532,3200042565
177,0,3218181818,3218182129,0,56549,3218169979,3218219976
178,0,3236363636,3236363958,0,64270,3236358110,3236409619
179,0,3254545455,3254545761,0,55981,3254533690,3254583178
180,0,3272727273,3272727589,0,56314,3272715314,3272765232
181,0,3290909091,3290909394,0,54930,3290896875,3290945716
182,0,3309090909,3309091214,0,85219,3309078725,3309157831
183,0,3327272727,3327273028,0,72103,3327260512,3327326431
184,0,3345454545,3345454846,0,70997,3345442342,3345507195
185,0,3363636364,3363636623,0,53550,3363624099,3363671593
186,0,3381818182,3381818488,0,52838,3381805990,3381852734
187,0,3400000000,3400000286,0,84823,3399987781,3400066375
188,0,3418181818,3418182089,0,71949,3418169654,3418235365
189,0,3436363636,3436363938,0,72819,3436351905,3436418135
190,0,3454545455,3454545758,0,85092,3454533269,3454612242
191,0,3472727273,3472727548,0,86581,3472715015,3472795468
192,0,3490909091,3490909382,0,73018,3490896859,3490963671
193,0,3509090909,3509091253,0,66359,3509082814,3509138989
194,0,3527272727,3527273164,0,68969,3527264990,3527323296
195,0,3545454545,3545455346,0,86511,3545455527,3545522922
196,0,3563636364,3563636917,0,71037,3563630315,3563689023
197,0,3581818182,3581818537,0,65919,3581808488,3581865711
198,0,3600000000,3600000498,0,64787,3599990909,3600046374
199,0,3618181818,3618182085,0,58738,3618170255,3618222148
200,0,3636363636,3636363979,0,61683,3636353568,3636405768
201,0,3654545455,3654545793,0,70636,3654539385,3654597572
202,0,3672727273,3672727553,0,56258,3672715482,3672765159
203,0,3690909091,3690909364,0,55509,3690896859,3690946229
204,0,3709090909,3709091189,0,53407,3709078606,3709125986
205,0,3727272727,3727273027,0,52922,3727260502,3727307264
206,0,3745454545,3745454851,0,72006,3745442399,3745508194
207,0,3763636364,3763636663,0,87659,3763624559,3763705677
208,0,3781818182,3781818493,0,71276,3781806052,3781871124
209,0,3800000000,3800000290,0,69766,3799987851,3800051430
210,0,3818181818,3818182109,0,69216,3818169594,3818232566
211,0,3836363636,3836363933,0,53120,3836351405,3836398485
212,0,3854545455,3854545761,0,53361,3854533407,3854580577
213,0,3872727273,3872727554,0,52847,3872715100,3872761817
214,0,3890909091,3890909384,0,54954,3890896885,3890945738
215,0,3909090909,3909091316,0,67797,3909082671,3909140411
216,0,3927272727,3927273343,0,80598,3927269861,3927334904
217,0,3945454545,3945455327,0,83141,3945453529,3945519456
218,0,3963636364,3963637016,0,126099,3963633028,3963744180
219,0,3981818182,3981818479,0,86914,3981806160,3981886713
220,0,4000000000,4000000309,0,55346,3999987891,4000037020
221,0,4018181818,4018182095,0,55560,4018169907,4018219034
222,0,4036363636,4036363912,0,54920,4036351492,4036400167
223,0,4054545455,4054545776,0,58253,4054537082,4054585372
224,0,4072727273,4072727589,0,55767,4072715177,4072764764
225,0,4090909091,4090909366,0,72802,4090896811,4090963434
226,0,4109090909,4109091178,0,84790,4109078699,4109143249
227,0,4127272727,4127272984,0,53325,4127260556,4127307707
228,0,4145454545,4145454841,0,53222,4145442924,4145489451
229,0,4163636364,4163636657,0,55843,4163626903,4163673949
230,0,4181818182,4181818455,0,84876,4181806006,4181884725
231,0,4200000000,4200000283,0,54760,4199988128,4200036444
232,0,4218181818,4218182100,0,72591,4218169635,4218234463
233,0,4236363636,4236363928,0,69636,4236351457,4236414979
234,0,4254545455,4254545746,0,52709,4254533182,4254579849
235,0,4272727273,4272727583,0,57734,4272715806,4272766631
236,0,4290909091,4290909361,0,73295,4290896838,4290963973
237,0,4309090909,4309091209,0,55059,4309078871,4309127701
238,0,4327272727,4327273043,0,53268,4327260515,4327307729
239,0,4345454545,4345454811,0,52645,4345442265,4345488824
240,0,4363636364,4363636653,0,52944,4363624083,4363671009
241,0,4381818182,4381818490,0,56253,4381806599,4381856085
242,0,4400000000,4400000268,0,85238,4399987701,4400066810
243,0,4418181818,4418182113,0,70963,4418169605,4418234338
244,0,4436363636,4436363906,0,70927,4436351438,4436416163
245,0,4454545455,4454545732,0,85300,4454533445,4454612302
246,0,4472727273,4472727572,0,53511,4472715075,4472762447
247,0,4490909091,4490909401,0,98084,4490896944,4490988749
248,0,4509090909,4509091214,0,56164,4509078871,4509128779
249,0,4527272727,4527273002,0,52803,4527260461,4527307244
250,0,4545454545,4545454792,0,53169,4545442320,4545489327
251,0,4563636364,4563636678,0,52607,4563624187,4563670690
252,0,4581818182,4581818458,0,54840,4581806183,4581854695
253,0,4600000000,4600000285,0,84681,4599987720,4600066299
254,0,4618181818,4618182108,0,85348,4618169552,4618248879
255,0,4636363636,4636363902,0,71351,4636351445,4636416660
256,0,4654545455,4654545732,0,60725,4654534180,4654587855
257,0,4672727273,4672727593,0,110500,4672717480,4672819339
258,0,4690909091,4690909505,0,141836,4690903163,4691032578
259,0,4709090909,4709091299,0,72217,4709085409,4709144694
260,0,4727272727,4727273142,0,74801,4727271998,4727329208
261,0,4745454545,4745455378,0,90547,4745456936,4745526888
262,0,4763636364,4763637239,0,136661,4763637965,4763754999
263,0,4781818182,4781819105,0,145606,4781823096,4781945598
264,0,4800000000,4800000352,0,66723,4799992260,4800048449
265,0,4818181818,4818182144,0,59040,4818169754,4818222481
266,0,4836363636,4836363948,0,56908,4836351836,4836402253
267,0,4854545455,4854545724,0,55753,4854533408,4854582817
268,0,4872727273,4872727566,0,57652,4872715250,4872764488
269,0,4890909091,4890909438,0,112752,4890898605,4891003494
270,0,4909090909,4909091235,0,91679,4909084653,4909164372
271,0,4927272727,4927273036,0,85560,4927260523,4927339990
272,0,4945454545,4945454802,0,71048,4945442350,4945507205
273,0,4963636364,4963636660,0,69704,4963624193,4963687675
274,0,4981818182,4981818451,0,85694,4981806102,4981885447
275,0,5000000000,5000000329,0,116737,4999988393,5000098247
276,0,5018181818,5018182100,0,71995,5018169795,5018235383
277,0,5036363636,5036363934,0,85339,5036351463,5036430622
278,0,5054545455,5054545780,0,57940,5054536430,5054585147
279,0,5072727273,5072727555,0,52245,5072715007,5072761230
280,0,5090909091,5090909381,0,53973,5090896811,5090944760
281,0,5109090909,5109091213,0,86106,5109079145,5109158636
282,0,5127272727,5127273030,0,85363,5127260537,5127339446
283,0,5145454545,5145454853,0,70897,5145442247,5145507074
284,0,5163636364,5163636662,0,86515,5163624205,5163704214
285,0,5181818182,5181818457,0,69889,5181805862,5181869692
286,0,5200000000,5200013688,0,53666,5200001329,5200048772
287,0,5218181818,5218182097,0,85051,5218169674,5218248584
288,0,5236363636,5236363931,0,85499,5236351472,5236430732
289,0,5254545455,5254545771,0,70192,5254533307,5254597247
290,0,5272727273,5272727580,0,69884,5272715053,5272778810
291,0,5290909091,5290909357,0,86840,5290896888,5290977514
292,0,5309090909,5309091206,0,70363,5309078694,5309142898
293,0,5327272727,5327273047,0,70121,5327260476,5327324573
294,0,5345454545,5345454858,0,69942,5345442361,5345506088
295,0,5363636364,5363636645,0,85429,5363624170,5363703429
296,0,5381818182,5381818446,0,71590,5381806270,5381871323
297,0,5400000000,5400000287,0,54827,5399987939,5400036507
298,0,5418181818,5418182108,0,103368,5418169804,5418250623
299,0,5436363636,5436363914,0,71182,5436351394,5436416415
300,0,5454545455,5454545765,0,71641,5454533235,5454598716
301,0,5472727273,5472727563,0,52678,5472715027,5472761624
302,0,5490909091,5490909377,0,54609,5490896863,5490945399
303,0,5509090909,5509091182,0,54501,5509078816,5509127064
304,0,5527272727,5527273042,0,85343,5527260533,5527339709
305,0,5545454545,5545454859,0,70941,5545442096,5545507157
306,0,5563636364,5563636888,0,75443,5563632570,5563693187
307,0,5581818182,5581818814,0,80731,5581816298,5581880576
308,0,5600000000,5600000456,0,87027,5599999559,5600065058
309,0,5618181818,5618182415,0,123320,5618179544,5618286640
310,0,5636363636,5636363944,0,71509,5636351536,5636416782
311,0,5654545455,5654545737,0,101972,5654533310,5654612954
312,0,5672727273,5672727545,0,85127,5672715026,5672793869
313,0,5690909091,5690909349,0,54704,5690896804,5690945397
314,0,5709090909,5709091201,0,53759,5709078706,5709126357
315,0,5727272727,5727273026,0,103704,5727260906,5727357894
316,0,5745454545,5745454821,0,53951,5745442412,5745490184
317,0,5763636364,5763636650,0,53321,5763624154,5763671363
318,0,5781818182,5781818499,0,52532,5781805994,5781852382
319,0,5800000000,5800000329,0,64503,5799990694,5800046109
320,0,5818181818,5818182288,0,118426,5818173757,5818282025
321,0,5836363636,5836364476,0,132245,5836363046,5836477614
322,0,5854545455,5854545898,0,67053,5854536891,5854594178
323,0,5872727273,5872727647,0,65026,5872718007,5872773954
324,0,5890909091,5890909393,0,59401,5890897504,5890950094
325,0,5909090909,5909091227,0,56331,5909079168,5909128981
326,0,5927272727,5927273150,0,73133,5927266907,5927327421
327,0,5945454545,5945454842,0,55746,5945442692,5945491941
328,0,5963636364,5963636661,0,54791,5963624251,5963672800
329,0,5981818182,5981818495,0,55466,5981806101,5981855271
330,0,6000000000,6000000308,0,52874,5999987822,6000034602
331,0,6018181818,6018182123,0,52414,6018169605,6018215982
332,0,6036363636,6036363966,0,53751,6036351448,6036399124
333,0,6054545455,6054545753,0,52841,6054533267,6054579950
334,0,6072727273,6072727561,0,84355,6072715059,6072793207
335,0,6090909091,6090909366,0,54752,6090896843,6090945509
336,0,6109090909,6109091194,0,52938,6109079038,6109125476
337,0,6127272727,6127272992,0,83986,6127260422,6127338341
338,0,6145454545,6145454846,0,53927,6145442633,6145490112
339,0,6163636364,6163636686,0,52752,6163624188,6163670840
340,0,6181818182,6181818487,0,53289,6181806058,6181853187
341,0,6200000000,6200000292,0,52778,6199987752,6200034491
342,0,6218181818,6218182130,0,54878,6218169970,6218218394
343,0,6236363636,6236363966,0,86400,6236351656,6236431714
344,0,6254545455,6254545755,0,70432,6254533229,6254597546
345,0,6272727273,6272727577,0,100011,6272715032,6272793126
346,0,6290909091,6290909360,0,70674,6290896819,6290961461
347,0,6309090909,6309091224,0,70515,6309078704,6309143029
348,0,6327272727,6327273018,0,84361,6327260517,6327338750
349,0,6345454545,6345454844,0,93816,6345448043,6345529946
350,0,6363636364,6363636655,0,72144,6363624149,6363690194
351,0,6381818182,6381818461,0,85740,6381805940,6381871473
352,0,6400000000,6400000311,0,71748,6399987819,6400051338
353,0,6418181818,6418182129,0,70510,6418169623,6418233953
354,0,6436363636,6436363930,0,86019,6436351413,6436431286
355,0,6454545455,6454545773,0,55389,6454533523,6454582502
356,0,6472727273,6472727593,0,53402,6472715091,6472762425
357,0,6490909091,6490909387,0,73979,6490896808,6490964678
358,0,6509090909,6509091234,0,89423,6509083128,6509161812
359,0,6527272727,6527273006,0,53017,6527260526,6527307403
360,0,6545454545,6545454847,0,52845,6545442415,6545489069
361,0,6563636364,6563636671,0,53151,6563624399,6563671269
362,0,6581818182,6581818482,0,53260,6581805992,6581853132
363,0,6600000000,6600015939,0,54909,6600004008,6600052250
364,0,6618181818,6618182129,0,52613,6618169695,6618216169
365,0,6636363636,6636364079,0,78355,6636363719,6636423586
366,0,6654545455,6654555447,0,159403,6654577195,6654695662
367,0,6672727273,6672728150,0,132464,6672727278,6672841467
368,0,6690909091,6690909690,0,75430,6690904032,6690966144
369,0,6709090909,6709091215,0,56622,6709078925,6709129186
370,0,6727272727,6727273041,0,56334,6727260735,6727310721
371,0,6745454545,6745454862,0,64336,6745449151,6745500549
372,0,6763636364,6763636646,0,61852,6763625521,6763679813
373,0,6781818182,6781818503,0,56201,6781806130,6781856055
374,0,6800000000,6800000303,0,101414,6799987774,6800067232
375,0,6818181818,6818182119,0,71151,6818169600,6818234591
376,0,6836363636,6836363946,0,70724,6836351355,6836415962
377,0,6854545455,6854545737,0,85263,6854533264,6854612295
378,0,6872727273,6872727600,0,56537,6872715343,6872765515
379,0,6890909091,6890909381,0,72343,6890896800,6890963013
380,0,6909090909,6909091223,0,87607,6909080137,6909160097
381,0,6927272727,6927273049,0,60020,6927262201,6927314410
382,0,6945454545,6945455040,0,61730,6945443721,6945498122
383,0,6963636364,6963636784,0,74327,6963631894,6963692193
384,0,6981818182,6981818899,0,76548,6981814665,6981876563
385,0,7000000000,7000000747,0,70928,6999996763,7000052926
386,0,7018181818,7018182226,0,86303,7018170540,7018249902
387,0,7036363636,7036363950,0,56134,7036351722,7036401454
388,0,7054545455,7054545860,0,61272,7054534958,7054588445
389,0,7072727273,7072727524,0,74384,7072715614,7072783208
390,0,7090909091,7090909376,0,106972,7090896884,7090983703
391,0,7109090909,7109091188,0,70697,7109078642,7109143210
392,0,7127272727,7127273015,0,72315,7127260506,7127326751
393,0,7145454545,7145454858,0,71067,7145442295,7145507335
394,0,7163636364,7163636683,0,55305,7163624341,7163673389
395,0,7181818182,7181818473,0,74615,7181805958,7181874513
396,0,7200000000,7200000315,0,70076,7199987773,7200051818
397,0,7218181818,7218182126,0,70783,7218169577,7218234162
398,0,7236363636,7236363941,0,70778,7236351499,7236416050
399,0,7254545455,7254545748,0,83710,7254533213,7254610790
400,0,7272727273,7272727579,0,73856,7272715132,7272780608
401,0,7290909091,7290909385,0,121861,7290896787,7291012544
402,0,7309090909,7309091183,0,70874,7309078716,7309143406
403,0,7327272727,7327273016,0,85366,7327260543,7327339774
404,0,7345454545,7345454814,0,71311,7345442292,7345507468
405,0,7363636364,7363636667,0,71172,7363624127,7363689179
406,0,7381818182,7381818469,0,75994,7381807609,7381875837
407,0,7400000000,7400000271,0,72143,7399987899,7400053724
408,0,7418181818,7418182136,0,85112,7418169649,7418248571
409,0,7436363636,7436363939,0,70474,7436351382,7436415719
410,0,7454545455,7454545767,0,69600,7454533257,7454596812
411,0,7472727273,7472727546,0,70363,7472715013,7472779206
412,0,7490909091,7490909390,0,108436,7490897028,7490985249
413,0,7509090909,7509091202,0,71232,7509078720,7509143769
414,0,7527272727,7527273042,0,52476,7527260485,7527306924
415,0,7545454545,7545454842,0,85575,7545442473,7545521768
416,0,7563636364,7563636634,0,85374,7563624132,7563703346
417,0,7581818182,7581818517,0,88084,7581806693,7581873915
418,0,7600000000,7600000297,0,54172,7599987857,7600035915
419,0,7618181818,7618182124,0,53933,7618169581,7618217440
420,0,7636363636,7636363940,0,52761,7636351411,7636398137
421,0,7654545455,7654545722,0,53571,7654533162,7654580721
422,0,7672727273,7672727574,0,85193,7672715084,7672794172
423,0,7690909091,7690909380,0,127633,7690897885,7691018328
424,0,7709090909,7709091372,0,90969,7709081263,7709163484
425,0,7727272727,7727273028,0,72166,7727260898,7727326616
426,0,7745454545,7745454833,0,85385,7745442418,7745521504
427,0,7763636364,7763636686,0,108191,7763638310,7763726242
428,0,7781818182,7781818775,0,148723,7781822300,7781948654
429,0,7800000000,7800000705,0,101346,7800016972,7800083012
430,0,7818181818,7818182359,0,78766,7818180572,7818242344
431,0,7836363636,7836363979,0,59699,7836352630,7836404980
432,0,7854545455,7854545796,0,56448,7854533615,7854583613
433,0,7872727273,7872727605,0,56207,7872715544,7872765182
434,0,7890909091,7890909388,0,88820,7890897144,7890979503
435,0,7909090909,7909091256,0,58431,7909079732,7909131072
436,0,7927272727,7927273046,0,55635,7927260928,7927310032
437,0,7945454545,7945454846,0,54547,7945442423,7945490740
438,0,7963636364,7963636676,0,54280,7963624321,7963672372
439,0,7981818182,7981818493,0,54651,7981806292,7981854504
440,0,8000000000,8000007550,0,87913,7999995545,8000076774
441,0,8018181818,8018182143,0,86274,8018169707,8018249780
442,0,8036363636,8036363955,0,84942,8036351427,8036416515
443,0,8054545455,8054545755,0,71275,8054532918,8054598348
444,0,8072727273,8072727624,0,69518,8072720564,8072777965
445,0,8090909091,8090909393,0,65357,8090899953,8090956022
446,0,8109090909,8109091581,0,142884,8109092264,8109215445
447,0,8127272727,8127273145,0,62245,8127261804,8127316655
448,0,8145454545,8145455054,0,68621,8145447568,8145504890
449,0,8163636364,8163636719,0,59435,8163625268,8163677447
450,0,8181818182,8181818485,0,112764,8181806873,8181892998
451,0,8200000000,8200000357,0,61269,8199989337,8200042950
452,0,8218181818,8218182139,0,59858,8218170610,8218223235
453,0,8236363636,8236363937,0,57462,8236351634,8236402811
454,0,8254545455,8254545756,0,54453,8254533351,8254581565
455,0,8272727273,8272727572,0,54838,8272715148,8272763812
456,0,8290909091,8290909400,0,104569,8290896954,8290993423
457,0,8309090909,8309091244,0,87661,8309078757,8309160252
458,0,8327272727,8327273033,0,54516,8327260740,8327308996
459,0,8345454545,8345454876,0,55339,8345442500,8345491617
460,0,8363636364,8363636638,0,102065,8363624136,8363703949
461,0,8381818182,8381818483,0,84065,8381805986,8381869852
462,0,8400000000,8400000302,0,70067,8399987819,8400051671
463,0,8418181818,8418182126,0,69647,8418169586,8418233118
464,0,8436363636,8436363917,0,69750,8436351366,8436414964
465,0,8454545455,8454545750,0,52215,8454533225,8454579368
466,0,8472727273,8472727589,0,99883,8472715076,8472792852
467,0,8490909091,8490909417,0,55959,8490897082,8490946755
468,0,8509090909,8509091221,0,101304,8509078762,8509173855
469,0,8527272727,8527273031,0,72133,8527261059,8527326524
470,0,8545454545,8545454851,0,85403,8545442579,8545521638
471,0,8563636364,8563636655,0,84285,8563624125,8563702007
472,0,8581818182,8581818497,0,70059,8581806049,8581869873
473,0,8600000000,8600000307,0,83969,8599987672,8600065663
474,0,8618181818,8618182092,0,53562,8618169601,8618217111
475,0,8636363636,8636363926,0,104349,8636351583,8636449282
476,0,8654545455,8654558306,0,100967,8654546233,8654640683
477,0,8672727273,8672727550,0,69967,8672715063,8672778932
478,0,8690909091,8690909384,0,72437,8690896923,8690963133
479,0,8709090909,8709091194,0,71494,8709095322,8709144038
480,0,8727272727,8727273563,0,85784,8727274655,8727340274
481,0,8745454545,8745455213,0,90741,8745460928,8745527169
482,0,8763636364,8763637258,0,82128,8763634797,8763700402
483,0,8781818182,8781818721,0,101089,8781813316,8781901020
484,0,8800000000,8800000320,0,57662,8799988230,8800039414
485,0,8818181818,8818182133,0,56812,8818170056,8818220337
486,0,8836363636,8836363972,0,65454,8836356494,8836410685
487,0,8854545455,8854545807,0,57101,8854533836,8854584249
488,0,8872727273,8872727566,0,56149,8872715273,8872765092
489,0,8890909091,8890909374,0,54647,8890896832,8890945494
490,0,8909090909,8909102051,0,86576,8909090159,8909169949
491,0,8927272727,8927273052,0,91998,8927266903,8927346392
492,0,8945454545,8945454858,0,85927,8945442338,8945522143
493,0,8963636364,8963636661,0,85768,8963624179,8963703720
494,0,8981818182,8981818459,0,53759,8981805945,8981853602
495,0,9000000000,9000000305,0,52963,8999987730,9000034696
496,0,9018181818,9018182132,0,52924,9018169607,9018216477
497,0,9036363636,9036363929,0,85973,9036351693,9036431216
498,0,9054545455,9054545736,0,101052,9054533249,9054627853
499,0,9072727273,9072727572,0,52933,9072715100,9072761850
500,0,9090909091,9090909400,0,54813,9090896846,9090945671
501,0,9109090909,9109094099,0,85868,9109082085,9109161299
502,0,9127272727,9127273033,0,70651,9127260528,9127324987
503,0,9145454545,9145454851,0,53288,9145442325,9145489615
504,0,9163636364,9163636682,0,53957,9163624181,9163672048
505,0,9181818182,9181818453,0,101023,9181805914,9181900809
506,0,9200000000,9200000315,0,65947,9199991757,9200047645
507,0,9218181818,9218182158,0,62332,9218171771,9218225886
508,0,9236363636,9236364493,0,89493,9236366384,9236434999
509,0,9254545455,9254546250,0,90680,9254548990,9254617842
510,0,9272727273,9272727730,0,69831,9272720689,9272778848
511,0,9290909091,9290910142,0,163281,9290904425,9291054256
512,0,9309090909,9309091776,0,121747,9309095749,9309194596
513,0,9327272727,9327287899,0,118941,9327288499,9327387619
514,0,9345454545,9345455992,0,112643,9345459191,9345549563
515,0,9363636364,9363636902,0,123928,9363632970,9363741668
516,0,9381818182,9381818463,0,72811,9381806063,9381872598
517,0,9400000000,9400000325,0,56626,9399988018,9400038210
518,0,9418181818,9418182137,0,57290,9418170059,9418220783
519,0,9436363636,9436363929,0,55520,9436351566,9436400793
520,0,9454545455,9454545755,0,58651,9454533630,9454584178
521,0,9472727273,9472727543,0,55740,9472715443,9472764633
522,0,9490909091,9490909365,0,78978,9490902568,9490969665
523,0,9509090909,9509091185,0,55369,9509078825,9509127880
524,0,9527272727,9527272999,0,70925,9527260483,9527325305
525,0,9545454545,9545454853,0,70099,9545442332,9545506235
526,0,9563636364,9563636682,0,71641,9563624457,9563689408
527,0,9581818182,9581818476,0,101857,9581806006,9581901370
528,0,9600000000,9600000298,0,71152,9599987740,9600052790
529,0,9618181818,9618182119,0,70560,9618169643,9618234063
530,0,9636363636,9636363935,0,85150,9636351377,9636430453
531,0,9654545455,9654545743,0,103728,9654533490,9654630823
532,0,9672727273,9672727559,0,102019,9672715005,9672810967
533,0,9690909091,9690909381,0,58972,9690897373,9690949761
534,0,9709090909,9709103860,0,109953,9709099525,9709194994
535,0,9727272727,9727273442,0,82676,9727271524,9727337254
536,0,9745454545,9745455229,0,106112,9745450293,9745542397
537,0,9763636364,9763636894,0,80459,9763626858,9763698583
538,0,9781818182,9781818462,0,86692,9781805904,9781886516
539,0,9800000000,9800000277,0,55627,9799987853,9800037245
540,0,9818181818,9818182102,0,55032,9818169908,9818218524
541,0,9836363636,9836363956,0,55343,9836351594,9836400703
542,0,9854545455,9854545762,0,54610,9854533374,9854581756
543,0,9872727273,9872727582,0,57821,9872716211,9872766763
544,0,9890909091,9890909409,0,72184,9890896850,9890962903
545,0,9909090909,9909103384,0,53077,9909091079,9909137866
546,0,9927272727,9927273000,0,52903,9927260428,9927307271
547,0,9945454545,9945454831,0,52657,9945442318,9945488875
548,0,9963636364,9963636628,0,52700,9963624163,9963670688
549,0,9981818182,9981818467,0,53459,9981805962,9981853334
550,0,10000000000,10000000283,0,102838,9999989350,10000084426
551,0,10018181818,10018182095,0,85305,10018169628,10018248721
552,0,10036363636,10036363909,0,53034,10036351424,10036398405
553,0,10054545455,10054545721,0,52532,10054533252,10054579682
554,0,10072727273,10072727571,0,52907,10072715183,10072761877
555,0,10090909091,10090909354,0,75984,10090896888,10090966704
556,0,10109090909,10109091214,0,53277,10109078716,10109125867
557,0,10127272727,10127272996,0,85290,10127260497,10127339669
558,0,10145454545,10145454849,0,52965,10145442352,10145489252
559,0,10163636364,10163636676,0,53045,10163624210,10163671088
560,0,10181818182,10181818492,0,52523,10181806023,10181852426
561,0,10200000000,10200000273,0,56589,10199991076,10200038274
562,0,10218181818,10218182114,0,52679,10218169659,10218216187
563,0,10236363636,10236363921,0,52912,10236351393,10236398191
564,0,10254545455,10254545747,0,53073,10254533272,10254580168
565,0,10272727273,10272727576,0,70945,10272715104,10272779847
566,0,10290909091,10290909714,0,157359,10290911140,10291047969
567,0,10309090909,10309091488,0,77247,10309087339,10309149459
568,0,10327272727,10327273295,0,139156,10327269667,10327393554
569,0,10345454545,10345455216,0,113806,10345447318,10345550224
570,0,10363636364,10363636806,0,73940,10363631685,10363692044
571,0,10381818182,10381818840,0,77121,10381814639,10381876900
572,0,10400000000,10400000653,0,79386,10399997678,10400061194
573,0,10418181818,10418182195,0,63473,10418171458,10418226944
574,0,10436363636,10436363995,0,66241,10436355234,10436411408
575,0,10454545455,10454545835,0,59557,10454533853,10454586693
576,0,10472727273,10472727565,0,56578,10472715253,10472765514
577,0,10490909091,10491326607,0,92030,10491340930,10491399693
578,0,10509090909,10509091196,0,58267,10509078910,10509130678
579,0,10527272727,10527649706,0,91094,10527671504,10527722131
580,0,10545454545,10545553155,0,99226,10545584250,10545633714
581,0,10563636364,10563636661,0,54525,10563624239,10563672622
582,0,10581818182,10581818495,0,55032,10581806262,10581854904
583,0,10600000000,10600000303,0,62503,10599994190,10600044129
584,0,10618181818,10618182117,0,55438,10618170026,10618218934
585,0,10636363636,10636363963,0,54668,10636351800,10636400014
586,0,10654545455,10654545765,0,54560,10654533356,10654581725
587,0,10672727273,10672727585,0,54144,10672715135,10672763137
588,0,10690909091,10690909498,0,87730,10690898549,10690978627
589,0,10709090909,10709091189,0,90292,10709082588,10709162800
590,0,10727272727,10727273008,0,70815,10727260539,10727325193
591,0,10745454545,10745454820,0,70583,10745442356,10745506713
592,0,10763636364,10763636647,0,71833,10763624095,10763671464
593,0,10781818182,10781818447,0,53567,10781806039,10781853456
594,0,10800000000,10800000308,0,56453,10799988340,10800038205
595,0,10818181818,10818182118,0,53009,10818169634,10818216525
596,0,10836363636,10836363925,0,53352,10836351451,10836398705
597,0,10854545455,10854545776,0,52941,10854533324,10854580096
598,0,10872727273,10872727581,0,52924,10872715115,10872761925
599,0,10890909091,10890909394,0,55048,10890896918,10890945914
600,0,10909090909,10909093853,0,55479,10909082167,10909130765
601,0,10927272727,10927273048,0,53743,10927260755,10927308170
602,0,10945454545,10945454844,0,56704,10945442581,10945492889
603,0,10963636364,10963637045,0,77506,10963634729,10963695683
604,0,10981818182,10981818867,0,138822,10981854421,10981938547
605,0,11000000000,11000000665,0,110517,10999997208,11000092079
606,0,11018181818,11018182271,0,62696,11018172009,11018226344
607,0,11036363636,11036363931,0,55777,11036351671,11036401078
608,0,11054545455,11054545763,0,55800,11054533325,11054582977
609,0,11072727273,11072727598,0,55181,11072715253,11072764128
610,0,11090909091,11090909369,0,72716,11090896911,11090963446
611,0,11109090909,11109091220,0,53003,11109078744,11109125599
612,0,11127272727,11127273012,0,53561,11127260482,11127307835
613,0,11145454545,11145454842,0,52277,11145442330,11145488582
614,0,11163636364,11163636684,0,52689,11163624190,11163670712
615,0,11181818182,11181818469,0,52655,11181805955,11181852489
616,0,11200000000,11200000285,0,52381,11199987775,11200034085
617,0,11218181818,11218182139,0,55062,11218169859,11218218634
618,0,11236363636,11236363910,0,53612,11236351386,11236398959
619,0,11254545455,11254545736,0,55056,11254533422,11254582168
620,0,11272727273,11272727580,0,85340,11272715067,11272794284
621,0,11290909091,11290909390,0,54475,11290896895,11290945288
622,0,11309090909,11309091469,0,93419,11309105015,11309166062
623,0,11327272727,11327273361,0,89281,11327274308,11327343516
624,0,11345454545,11345455488,0,79994,11345453514,11345516661
625,0,11363636364,11363636831,0,96329,11363642954,11363714299
626,0,11381818182,11381818469,0,58113,11381806222,11381858003
627,0,11400000000,11400000289,0,56566,11399988095,11400038222
628,0,11418181818,11418182132,0,60785,11418170584,11418224319
629,0,11436363636,11436363938,0,59191,11436351954,11436404439
630,0,11454545455,11454545776,0,55819,11454533440,11454582913
631,0,11472727273,11472727551,0,55680,11472715423,11472764563
632,0,11490909091,11490909390,0,59781,11490897331,11490950451
633,0,11509090909,11509091297,0,63306,11509081097,11509135751
634,0,11527272727,11527273310,0,76384,11527268806,11527330817
635,0,11545454545,11545455328,0,76761,11545451862,11545513133
636,0,11563636364,11563636916,0,68064,11563628251,11563686287
637,0,11581818182,11581818574,0,61608,11581807502,11581861368
638,0,11600000000,11600000317,0,58991,11599988358,11600040665
639,0,11618181818,11618182100,0,64433,11618172172,11618227700
640,0,11636363636,11636364349,0,114346,11636356756,11636459835
641,0,11654545455,11654545731,0,73355,11654533266,11654600064
642,0,11672727273,11672727564,0,70515,11672715077,11672779413
643,0,11690909091,11690909494,0,70591,11690901945,11690961457
644,0,11709090909,11709091439,0,74741,11709085954,11709147300
645,0,11727272727,11727273280,0,77729,11727269174,11727332058
646,0,11745454545,11745455224,0,81872,11745453704,11745518111
647,0,11763636364,11763636642,0,58348,11763625009,11763676142
648,0,11781818182,11781818514,0,55654,11781806308,11781855516
649,0,11800000000,11800000298,0,55638,11799988002,11800037272
650,0,11818181818,11818182121,0,56017,11818170022,11818219498
651,0,11836363636,11836363977,0,57347,11836351856,11836402723
652,0,11854545455,11854545769,0,58142,11854533814,11854585271
653,0,11872727273,11872727582,0,55967,11872715434,11872764849
654,0,11890909091,11890909381,0,71303,11890896843,11890946095
655,0,11909090909,11909091188,0,53190,11909078686,11909125789
656,0,11927272727,11927273013,0,53003,11927260503,11927307405
657,0,11945454545,11945454891,0,72447,11945443414,11945492912
658,0,11963636364,11963636660,0,54188,11963624310,11963672270
659,0,11981818182,11981832914,0,77720,11981837874,11981891909
660,0,12000000000,12000000558,0,134093,11999994779,12000115862
661,0,12018181818,12018182349,0,77512,12018178756,12018240899
662,0,12036363636,12036364144,0,84505,12036355943,12036429956
663,0,12054545455,12054545838,0,114021,12054537021,12054641012
664,0,12072727273,12072727553,0,72321,12072715093,12072781166
665,0,12090909091,12090909397,0,57540,12090896989,12090948303
666,0,12109090909,12109091199,0,54887,12109078861,12109127470
667,0,12127272727,12127273057,0,54442,12127260646,12127308848
668,0,12145454545,12145454844,0,54283,12145442700,12145490519
669,0,12163636364,12163636674,0,54018,12163624261,12163672094
670,0,12181818182,12181818492,0,54015,12181806260,12181853874
671,0,12200000000,12200000330,0,52017,12199987855,12200033759
672,0,12218181818,12218182106,0,54375,12218169617,12218215580
673,0,12236363636,12236363959,0,52860,12236351452,12236398199
674,0,12254545455,12254545748,0,53084,12254533278,12254580286
675,0,12272727273,12272727590,0,102755,12272715349,12272811389
676,0,12290909091,12290909395,0,103042,12290896848,12290993469
677,0,12309090909,12309091203,0,85804,12309078658,12309158390
678,0,12327272727,12327273026,0,84217,12327260500,12327338480
679,0,12345454545,12345454856,0,53002,12345442406,12345489172
680,0,12363636364,12363636656,0,71794,12363624623,12363674118
681,0,12381818182,12381818469,0,101220,12381805922,12381900967
682,0,12400000000,12400000309,0,55499,12399988291,12400037121
683,0,12418181818,12418182404,0,107571,12418177602,12418271050
684,0,12436363636,12436364304,0,77575,12436360568,12436423168
685,0,12454545455,12454546045,0,72915,12454540231,12454600156
686,0,12472727273,12472727667,0,92437,12472717582,12472801342
687,0,12490909091,12490909369,0,56880,12490897141,12490947635
688,0,12509090909,12509091214,0,55167,12509078823,12509127684
689,0,12527272727,12527273013,0,55821,12527260600,12527310208
690,0,12545454545,12545454830,0,54400,12545442430,12545490630
691,0,12563636364,12563636658,0,54914,12563624490,12563672876
692,0,12581818182,12581818517,0,56538,12581806113,12581856459
693,0,12600000000,12600008157,0,70673,12599995875,12600060140
694,0,12618181818,12618182111,0,100443,12618169589,12618263598
695,0,12636363636,12636364112,0,79845,12636355305,12636425179
696,0,12654545455,12654546011,0,112089,12654536033,12654639144
697,0,12672727273,12672728125,0,131316,12672728201,12672840395
698,0,12690909091,12690909529,0,101289,12690899039,12690992076
699,0,12709090909,12709091384,0,78834,12709080627,12709151467
700,0,12727272727,12727272991,0,73072,12727261021,12727327276
701,0,12745454545,12745454856,0,87422,12745442646,12745523490
702,0,12763636364,12763636649,0,89060,12763626722,12763707035
703,0,12781818182,12781818590,0,76448,12781808063,12781876130
704,0,12800000000,12800000330,0,55284,12799987903,12800037029
705,0,12818181818,12818182097,0,53664,12818169726,12818217166
706,0,12836363636,12836363940,0,56344,12836351615,12836401653
707,0,12854545455,12854545748,0,71583,12854533222,12854598689
708,0,12872727273,12872727568,0,84596,12872715085,12872793493
709,0,12890909091,12890909389,0,109472,12890897873,12891000009
710,0,12909090909,12909091229,0,87055,12909078719,12909159616
711,0,12927272727,12927273265,0,75804,12927269391,12927330200
712,0,12945454545,12945455173,0,78641,12945450691,12945515066
713,0,12963636364,12963637033,0,75795,12963631756,12963693955
714,0,12981818182,12981818678,0,60184,12981807553,12981860127
715,0,13000000000,13000000367,0,60856,12999989439,13000042423
716,0,13018181818,13018182103,0,57708,13018170089,13018221216
717,0,13036363636,13036363923,0,55261,13036351578,13036400579
718,0,13054545455,13054545779,0,54468,13054533331,13054581619
719,0,13072727273,13072727584,0,55079,13072715252,13072764024
720,0,13090909091,13090909414,0,82470,13090898104,13090973228
721,0,13109090909,13109091226,0,53236,13109078747,13109125852
722,0,13127272727,13127273030,0,52967,13127260531,13127307462
723,0,13145454545,13145454814,0,52765,13145442315,13145488976
724,0,13163636364,13163636670,0,52724,13163624112,13163670795
725,0,13181818182,13181818483,0,52263,13181805919,13181852125
726,0,13200000000,13200008818,0,87919,13199997351,13200078036
727,0,13218181818,13218182097,0,101913,13218169723,13218265350
728,0,13236363636,13236363901,0,70810,13236351437,13236416143
729,0,13254545455,13254545726,0,69464,13254533170,13254596452
730,0,13272727273,13272727587,0,55599,13272715537,13272764578
731,0,13290909091,13290909369,0,102496,13290896924,13290977525
732,0,13309090909,13309091187,0,54007,13309078841,13309126634
733,0,13327272727,13327273003,0,52843,13327260592,13327307237
734,0,13345454545,13345454859,0,53616,13345442390,13345489900
735,0,13363636364,13363636633,0,52549,13363624198,13363670566
736,0,13381818182,13381818486,0,52566,13381805967,13381852423
737,0,13400000000,13400000296,0,68023,13400002208,13400049704
738,0,13418181818,13418182116,0,52793,13418169615,13418216352
739,0,13436363636,13436363939,0,52509,13436351375,13436397861
740,0,13454545455,13454545728,0,52270,13454533220,13454579391
741,0,13472727273,13472727578,0,84458,13472715053,13472793348
742,0,13490909091,13490909389,0,85282,13490896823,13490962544
743,0,13509090909,13509091221,0,58216,13509079111,13509130828
744,0,13527272727,13527273000,0,100773,13527260597,13527339414
745,0,13545454545,13545454821,0,52749,13545442344,13545488944
746,0,13563636364,13563636646,0,52859,13563624155,13563670914
747,0,13581818182,13581818460,0,52119,13581806001,13581852022
748,0,13600000000,13600000303,0,53082,13599987782,13600034722
749,0,13618181818,13618182108,0,72806,13618170383,13618220139
750,0,13636363636,13636363948,0,53274,13636351456,13636398637
751,0,13654545455,13654545758,0,53584,13654533328,13654580743
752,0,13672727273,13672727576,0,52668,13672715077,13672761640
753,0,13690909091,13690909374,0,54276,13690896858,13690945042
754,0,13709090909,13709091207,0,56091,13709078971,13709128602
755,0,13727272727,13727273038,0,103826,13727260675,13727358045
756,0,13745454545,13745454812,0,53236,13745442306,13745489449
757,0,13763636364,13763636689,0,75315,13763625339,13763693235
758,0,13781818182,13781818486,0,107455,13781806685,13781907250
759,0,13800000000,13800000770,0,143622,13800003559,13800125091
760,0,13818181818,13818183132,0,143858,13818186616,13818303063
761,0,13836363636,13836364440,0,121705,13836366904,13836467174
762,0,13854545455,13854546211,0,99446,13854544611,13854626636
763,0,13872727273,13872727934,0,109020,13872716693,13872801993
764,0,13890909091,13890909457,0,69315,13890900998,13890959944
765,0,13909090909,13909091289,0,56536,13909079076,13909129125
766,0,13927272727,13927273037,0,58554,13927261307,13927312901
767,0,13945454545,13945454854,0,57681,13945443106,13945493759
768,0,13963636364,13963636684,0,55436,13963624305,13963673468
769,0,13981818182,13981818509,0,56006,13981806437,13981855832
770,0,14000000000,14000000269,0,52963,13999987800,14000034585
771,0,14018181818,14018182110,0,52587,14018169658,14018216070
772,0,14036363636,14036363920,0,52792,14036351410,14036398055
773,0,14054545455,14054545760,0,52827,14054533344,14054579974
774,0,14072727273,14072727581,0,52434,14072715030,14072761408
775,0,14090909091,14090909379,0,73603,14090897720,14090964283
776,0,14109090909,14109091216,0,52967,14109078742,14109125581
777,0,14127272727,14127273046,0,53671,14127260574,14127308125
778,0,14145454545,14145454851,0,52286,14145442307,14145488541
779,0,14163636364,14163636686,0,52776,14163624182,14163670866
780,0,14181818182,14181818455,0,52730,14181805883,14181852655
781,0,14200000000,14200000274,0,52654,14199987810,14200034282
782,0,14218181818,14218182101,0,52860,14218169637,14218216393
783,0,14236363636,14236363950,0,54211,14236351503,14236399556
784,0,14254545455,14254545725,0,52707,14254533225,14254579875
785,0,14272727273,14272727568,0,85116,14272715045,14272794018
786,0,14290909091,14290909360,0,54710,14290896896,14290945450
787,0,14309090909,14309091210,0,52792,14309078666,14309125378
788,0,14327272727,14327273025,0,52655,14327260499,14327307090
789,0,14345454545,14345454858,0,70939,14345442433,14345507109
790,0,14363636364,14363636638,0,55853,14363624342,14363673888
791,0,14381818182,14381818461,0,75694,14381811618,14381875443
792,0,14400000000,14400000322,0,70657,14399988470,14400052317
793,0,14418181818,14418182255,0,66551,14418174177,14418230124
794,0,14436363636,14436364292,0,123475,14436365599,14436468435
795,0,14454545455,14454546149,0,112442,14454543082,14454639604
796,0,14472727273,14472727660,0,116608,14472720428,14472825361
797,0,14490909091,14490909399,0,62701,14490897589,14490953404
798,0,14509090909,14509091197,0,55857,14509078846,14509128363
799,0,14527272727,14527273031,0,55250,14527260699,14527309587
800,0,14545454545,14545454890,0,66020,14545445873,14545502163
801,0,14563636364,14563636648,0,57427,14563624564,14563675422
802,0,14581818182,14581818479,0,55747,14581806309,14581855585
803,0,14600000000,14600000287,0,52734,14599987704,14600034362
804,0,14618181818,14618182116,0,53041,14618169650,14618216574
805,0,14636363636,14636363915,0,52540,14636351467,14636397862
806,0,14654545455,14654545753,0,55575,14654533592,14654582694
807,0,14672727273,14672727561,0,53992,14672714999,14672762992
808,0,14690909091,14690909380,0,102869,14690896886,14690993524
809,0,14709090909,14709091183,0,53287,14709078705,14709125879
810,0,14727272727,14727273012,0,52492,14727260454,14727306925
811,0,14745454545,14745454809,0,53374,14745442335,14745489517
812,0,14763636364,14763636665,0,54726,14763624451,14763672828
813,0,14781818182,14781818439,0,52657,14781805910,14781852513
814,0,14800000000,14800000245,0,53147,14799987802,14800034754
815,0,14818181818,14818182118,0,53067,14818169638,14818216579
816,0,14836363636,14836363903,0,53125,14836351390,14836398412
817,0,14854545455,14854545741,0,54195,14854533442,14854581365
818,0,14872727273,14872727586,0,101639,14872715255,14872794994
819,0,14890909091,14890909373,0,104382,14890896922,14890995061
820,0,14909090909,14909091336,0,118557,14909084323,14909191093
821,0,14927272727,14927273120,0,92940,14927262298,14927347436
822,0,14945454545,14945455307,0,109654,14945452220,14945546020
823,0,14963636364,14963636978,0,102584,14963637649,14963720631
824,0,14981818182,14981818605,0,109558,14981807126,14981907479
825,0,15000000000,15000000335,0,57981,14999988601,15000039628
826,0,15018181818,15018182103,0,55868,15018169996,15018219357
827,0,15036363636,15036363995,0,62834,15036354029,15036408029
828,0,15054545455,15054545739,0,55161,15054533662,15054582224
829,0,15072727273,15072727641,0,62519,15072717638,15072771478
830,0,15090909091,15090909407,0,109480,15090896907,15091000187
831,0,15109090909,15109091213,0,102789,15109078836,15109159254
832,0,15127272727,15127272996,0,71168,15127260539,15127325503
833,0,15145454545,15145454846,0,70548,15145442341,15145506686
834,0,15163636364,15163636666,0,72939,15163624210,15163690856
835,0,15181818182,15181818600,0,75755,15181807686,15181875494
836,0,15200000000,15200000291,0,58397,15199988118,15200040090
837,0,15218181818,15218182332,0,85049,15218184290,15218248498
838,0,15236363636,15236375806,0,91753,15236386079,15236448706
839,0,15254545455,15254545918,0,76130,15254541088,15254603225
840,0,15272727273,15272727708,0,62420,15272716847,15272771346
841,0,15290909091,15290909494,0,101709,15290898046,15290992475
842,0,15309090909,15309091221,0,58306,15309079083,15309130849
843,0,15327272727,15327273035,0,55870,15327260870,15327310245
844,0,15345454545,15345454837,0,54809,15345442666,15345491039
845,0,15363636364,15363636665,0,55049,15363624271,15363673151
846,0,15381818182,15381818530,0,59295,15381807578,15381859177
847,0,15400000000,15400000335,0,101131,15399987812,15400082424
848,0,15418181818,15418182096,0,53588,15418169653,15418217092
849,0,15436363636,15436363941,0,52507,15436351418,15436397818
850,0,15454545455,15454545759,0,52899,15454533288,15454580068
851,0,15472727273,15472727560,0,52446,15472715028,15472761432
852,0,15490909091,15490909405,0,112146,15490897235,15491002909
853,0,15509090909,15509091208,0,101917,15509078716,15509158622
854,0,15527272727,15527273017,0,53314,15527260530,15527307756
855,0,15545454545,15545454838,0,52788,15545442275,15545489020
856,0,15563636364,15563636681,0,52426,15563624213,15563670497
857,0,15581818182,15581818478,0,52237,15581805939,15581852148
858,0,15600000000,15600000347,0,54380,15599987861,15600036163
859,0,15618181818,15618182237,0,68186,15618175255,15618231734
860,0,15636363636,15636364142,0,76463,15636357571,15636418092
861,0,15654545455,15654545948,0,151714,15654547700,15654678454
862,0,15672727273,15672727734,0,117684,15672720605,15672826630
863,0,15690909091,15690909512,0,110955,15690899486,15691001650
864,0,15709090909,15709091253,0,55604,15709079006,15709128273
865,0,15727272727,15727273037,0,55296,15727260602,15727309749
866,0,15745454545,15745454836,0,55887,15745442490,15745492095
867,0,15763636364,15763636658,0,55035,15763624285,15763673088
868,0,15781818182,15781818474,0,54766,15781806278,15781854653
869,0,15800000000,15800000280,0,52999,15799988032,15800034745
870,0,15818181818,15818182084,0,53339,15818169593,15818216843
871,0,15836363636,15836363931,0,53223,15836351405,15836398550
872,0,15854545455,15854545736,0,100687,15854549451,15854627701
873,0,15872727273,15872727569,0,53579,15872715075,15872762566
874,0,15890909091,15890909383,0,54191,15890896902,15890944965
875,0,15909090909,15909091304,0,74678,15909079665,15909146960
876,0,15927272727,15927273018,0,72127,15927260580,15927326557
877,0,15945454545,15945454843,0,70842,15945442350,15945506988
878,0,15963636364,15963636649,0,53057,15963624139,15963671107
879,0,15981818182,15981818454,0,53359,15981805972,15981853166
880,0,16000000000,16000000316,0,52312,15999987840,16000034034
881,0,16018181818,16018182124,0,52732,16018169623,16018216237
882,0,16036363636,16036363918,0,55728,16036351923,16036401069
883,0,16054545455,16054545773,0,90622,16054534155,16054617681
884,0,16072727273,16072727622,0,93939,16072717440,16072802879
885,0,16090909091,16090909692,0,139710,16090905832,16091030397
886,0,16109090909,16109091610,0,87778,16109085489,16109160570
887,0,16127272727,16127273069,0,113531,16127264489,16127367570
888,0,16145454545,16145454834,0,86969,16145442473,16145508740
889,0,16163636364,16163637214,0,88552,16163638007,16163706759
890,0,16181818182,16181818887,0,85115,16181817590,16181885011
891,0,16200000000,16200000767,0,84611,16200000149,16200066555
892,0,16218181818,16218182366,0,77281,16218178710,16218240678
893,0,16236363636,16236364022,0,56832,16236351972,16236402227
894,0,16254545455,16254545766,0,59018,16254536167,16254586133
895,0,16272727273,16272727574,0,55250,16272715198,16272764172
896,0,16290909091,16290909415,0,56860,16290897229,16290947696
897,0,16309090909,16309091192,0,54824,16309078823,16309127372
898,0,16327272727,16327273022,0,56115,16327261085,16327310505
899,0,16345454545,16345454840,0,55445,16345442652,16345491724
900,0,16363636364,16363636678,0,54812,16363624349,16363672860
901,0,16381818182,16381818466,0,54936,16381806225,16381854718
902,0,16400000000,16400000290,0,52505,16399987849,16400034185
903,0,16418181818,16418182197,0,55949,16418170616,16418219533
904,0,16436363636,16436363928,0,53220,16436351505,16436398537
905,0,16454545455,16454545740,0,53135,16454533228,16454580249
906,0,16472727273,16472727588,0,107724,16472720911,16472816469
907,0,16490909091,16490909382,0,73402,16490897046,16490964093
908,0,16509090909,16509091203,0,70845,16509078717,16509143333
909,0,16527272727,16527273040,0,103187,16527261071,16527357555
910,0,16545454545,16545454812,0,53124,16545442355,16545489344
911,0,16563636364,16563636664,0,53599,16563624186,16563671653
912,0,16581818182,16581818450,0,52624,16581805972,16581852450
913,0,16600000000,16600000306,0,52872,16599987850,16600034564
914,0,16618181818,16618182106,0,52723,16618169616,16618216205
915,0,16636363636,16636363933,0,55075,16636351888,16636400369
916,0,16654545455,16654545767,0,52821,16654533323,16654580002
917,0,16672727273,16672727582,0,53144,16672715147,16672762060
918,0,16690909091,16690909399,0,54464,16690896844,16690945295
919,0,16709090909,16709091185,0,52518,16709078673,16709125061
920,0,16727272727,16727273146,0,119540,16727262617,16727373727
921,0,16745454545,16745454823,0,55104,16745442459,16745491343
922,0,16763636364,16763636669,0,53651,16763624144,16763671719
923,0,16781818182,16781818473,0,53746,16781805931,16781853629
924,0,16800000000,16800000271,0,52319,16799987833,16800034022
925,0,16818181818,16818182101,0,52710,16818169500,16818216244
926,0,16836363636,16836363919,0,54550,16836351997,16836399912
927,0,16854545455,16854545739,0,53287,16854533306,16854580427
928,0,16872727273,16872727577,0,52968,16872715118,16872761935
929,0,16890909091,16890909367,0,55033,16890896870,16890945814
930,0,16909090909,16909091207,0,53208,16909078749,16909125770
931,0,16927272727,16927273018,0,53092,16927260549,16927307501
932,0,16945454545,16945454875,0,54171,16945442466,16945490450
933,0,16963636364,16963636689,0,53192,16963624204,16963671302
934,0,16981818182,16981818458,0,58814,16981811820,16981858709
935,0,17000000000,17000000309,0,52865,16999987787,17000034528
936,0,17018181818,17018182088,0,53085,17018169609,17018216580
937,0,17036363636,17036363905,0,52587,17036351385,17036397904
938,0,17054545455,17054545759,0,53466,17054533379,17054580559
939,0,17072727273,17072727581,0,52416,17072715109,17072761395
940,0,17090909091,17090909358,0,102854,17090896848,17090993267
941,0,17109090909,17109091227,0,57503,17109079039,17109130125
942,0,17127272727,17127272996,0,84754,17127260660,17127339104
943,0,17145454545,17145454864,0,71530,17145442466,17145507651
944,0,17163636364,17163636657,0,85969,17163624614,17163704014
945,0,17181818182,17181818508,0,92889,17181807657,17181892731
946,0,17200000000,17200000446,0,84030,17199992060,17200065628
947,0,17218181818,17218182351,0,94515,17218180058,17218257765
948,0,17236363636,17236364243,0,112356,17236354861,17236457770
949,0,17254545455,17254546225,0,87190,17254547148,17254614400
950,0,17272727273,17272728027,0,126279,17272735296,17272835233
951,0,17290909091,17290910022,0,141562,17290912756,17291032386
952,0,17309090909,17309091528,0,82721,17309089551,17309155345
953,0,17327272727,17327273075,0,58525,17327261258,17327312961
954,0,17345454545,17345454859,0,55945,17345442758,17345492120
955,0,17363636364,17363636668,0,62954,17363626428,17363681003
956,0,17381818182,17381818496,0,56653,17381806398,17381856461
957,0,17400000000,17400000285,0,54188,17399987921,17400035851
958,0,17418181818,17418182094,0,60852,17418175460,17418224388
959,0,17436363636,17436363954,0,54646,17436351662,17436399995
960,0,17454545455,17454545728,0,56211,17454534034,17454583373
961,0,17472727273,17472727604,0,56888,17472715561,17472765828
962,0,17490909091,17490909400,0,73605,17490896942,17490964400
963,0,17509090909,17509091205,0,55261,17509078737,17509127802
964,0,17527272727,17527273032,0,52880,17527260580,17527307319
965,0,17545454545,17545454848,0,52524,17545442312,17545488773
966,0,17563636364,17563636673,0,54293,17563624326,17563672360
967,0,17581818182,17581818508,0,52744,17581805989,17581852612
968,0,17600000000,17600000335,0,70532,17599987759,17600052150
969,0,17618181818,17618182147,0,88810,17618174126,17618252277
970,0,17636363636,17636363921,0,70143,17636351416,17636415384
971,0,17654545455,17654545763,0,53298,17654533266,17654580487
972,0,17672727273,17672727587,0,72771,17672715284,17672762802
973,0,17690909091,17690909404,0,54881,17690896925,17690945687
974,0,17709090909,17709091198,0,56264,17709078935,17709128902
975,0,17727272727,17727272985,0,85420,17727260496,17727339768
976,0,17745454545,17745454867,0,86206,17745442475,17745522375
977,0,17763636364,17763636669,0,71076,17763624190,17763689024
978,0,17781818182,17781818489,0,52483,17781805998,17781852392
979,0,17800000000,17800000285,0,53219,17799987694,17800034879
980,0,17818181818,17818182111,0,55143,17818169766,17818218634
981,0,17836363636,17836363927,0,52472,17836351435,17836397793
982,0,17854545455,17854545767,0,52099,17854533205,17854579279
983,0,17872727273,17872727653,0,103784,17872715886,17872812723
984,0,17890909091,17890909366,0,72673,17890896919,17890963387
985,0,17909090909,17909091451,0,96687,17909085052,17909169420
986,0,17927272727,17927273402,0,93948,17927269845,17927348289
987,0,17945454545,17945455133,0,98593,17945452741,17945534968
988,0,17963636364,17963636838,0,97537,17963628899,17963715625
989,0,17981818182,17981818609,0,81272,17981809284,17981880929
990,0,18000000000,18000000274,0,56106,17999988474,18000037715
991,0,18018181818,18018182121,0,54857,18018169940,18018218361
992,0,18036363636,18036363956,0,55703,18036351574,18036401034
993,0,18054545455,18054545745,0,61067,18054538996,18054588242
994,0,18072727273,18072727550,0,55768,18072715249,18072764712
995,0,18090909091,18090909362,0,112095,18090897363,18091002779
996,0,18109090909,18109091226,0,86051,18109078808,18109158585
997,0,18127272727,18127273015,0,84827,18127260555,18127339219
998,0,18145454545,18145454838,0,52870,18145442316,18145489150
999,0,18163636364,18163636658,0,52695,18163624167,18163670734
1000,0,18181818182,18181818463,0,54748,18181805994,18181854648
1001,0,18200000000,18200000327,0,119079,18200007036,18200100772
1002,0,18218181818,18218182134,0,102218,18218169598,18218265758
1003,0,18236363636,18236363932,0,52888,18236351337,18236398211
1004,0,18254545455,18254545731,0,53094,18254533290,18254580199
1005,0,18272727273,18272727577,0,84799,18272715055,18272793777
1006,0,18290909091,18290909394,0,105580,18290897009,18290980168
1007,0,18309090909,18309091248,0,107671,18309079841,18309179913
1008,0,18327272727,18327273267,0,86663,18327267251,18327341177
1009,0,18345454545,18345455288,0,109175,18345452499,18345545540
1010,0,18363636364,18363636843,0,86528,18363629400,18363704556
1011,0,18381818182,18381818826,0,97547,18381809834,18381897433
1012,0,18400000000,18400000324,0,109894,18399994500,18400091293
1013,0,18418181818,18418182172,0,59662,18418170099,18418223207
1014,0,18436363636,18436363985,0,61709,18436353582,18436407026
1015,0,18454545455,18454545751,0,56140,18454533445,18454583190
1016,0,18472727273,18472727581,0,55058,18472715189,18472764042
1017,0,18490909091,18490909401,0,57441,18490897212,18490948237
1018,0,18509090909,18509091206,0,86046,18509078837,18509158578
1019,0,18527272727,18527273034,0,85918,18527260485,18527340334
1020,0,18545454545,18545454819,0,84759,18545442305,18545506987
1021,0,18563636364,18563636643,0,70459,18563624196,18563688398
1022,0,18581818182,18581818503,0,55152,18581806460,18581855034
1023,0,18600000000,18600000620,0,106319,18600005019,18600088034
1024,0,18618181818,18618182530,0,82249,18618180673,18618245832
1025,0,18636363636,18636364275,0,78312,18636360750,18636423360
1026,0,18654545455,18654545816,0,103077,18654533697,18654630063
1027,0,18672727273,18672727553,0,85650,18672715040,18672794605
1028,0,18690909091,18690909392,0,58861,18690897128,18690949642
1029,0,18709090909,18709091283,0,58782,18709079525,18709131480
1030,0,18727272727,18727273040,0,56585,18727261025,18727310976
1031,0,18745454545,18745454871,0,61677,18745448625,18745497956
1032,0,18763636364,18763636688,0,55444,18763624407,18763673451
1033,0,18781818182,18781818501,0,55469,18781806317,18781855373
1034,0,18800000000,18800000269,0,53863,18799987774,18800035549
1035,0,18818181818,18818182091,0,102021,18818169699,18818265428
1036,0,18836363636,18836363923,0,53067,18836351424,18836398429
1037,0,18854545455,18854545741,0,52638,18854533189,18854579776
1038,0,18872727273,18872727565,0,52562,18872715046,18872761545
1039,0,18890909091,18890909367,0,54513,18890896849,18890945255
1040,0,18909090909,18909091201,0,54246,18909079076,18909126865
1041,0,18927272727,18927273026,0,53479,18927260509,18927307909
1042,0,18945454545,18945454820,0,52817,18945442289,18945489028
1043,0,18963636364,18963636646,0,53642,18963624135,18963671666
1044,0,18981818182,18981818468,0,52912,18981805969,18981852749
1045,0,19000000000,19000000273,0,52820,18999987762,19000034537
1046,0,19018181818,19018182150,0,70940,19018170191,19018234471
1047,0,19036363636,19036363920,0,53079,19036351350,19036398364
1048,0,19054545455,19054545750,0,52671,19054533240,19054579861
1049,0,19072727273,19072727566,0,52913,19072715122,19072761822
1050,0,19090909091,19090909368,0,101678,19090896849,19090992237
1051,0,19109090909,19109091222,0,87001,19109078739,19109159518
1052,0,19127272727,19127273007,0,85476,19127260519,19127339880
1053,0,19145454545,19145454805,0,69877,19145442232,19145506057
1054,0,19163636364,19163636674,0,70206,19163624135,19163688229
1055,0,19181818182,19181818455,0,69434,19181805955,19181869089
1056,0,19200000000,19200000312,0,52582,19199987829,19200034314
1057,0,19218181818,19218182100,0,54018,19218169608,19218217486
1058,0,19236363636,19236363922,0,52486,19236351325,19236397793
1059,0,19254545455,19254545755,0,52508,19254533195,19254579676
1060,0,19272727273,19272727551,0,85091,19272715054,19272794022
1061,0,19290909091,19290909399,0,58534,19290900300,19290949390
1062,0,19309090909,19309091179,0,52783,19309078636,19309125396
1063,0,19327272727,19327273015,0,58324,19327261606,19327312688
1064,0,19345454545,19345454848,0,73140,19345442355,19345509306
1065,0,19363636364,19363636663,0,70978,19363624172,19363688938
1066,0,19381818182,19381818490,0,69695,19381805966,19381869552
1067,0,19400000000,19400000277,0,68899,19399987762,19400050378
1068,0,19418181818,19418182119,0,53416,19418169628,19418216960
1069,0,19436363636,19436364109,0,119723,19436358558,19436465145
1070,0,19454545455,19454545956,0,94629,19454535476,19454621443
1071,0,19472727273,19472727683,0,81106,19472718357,19472789823
1072,0,19490909091,19490909812,0,156439,19490906020,19491047299
1073,0,19509090909,19509091514,0,113558,19509081450,19509186159
1074,0,19527272727,19527273003,0,89455,19527261046,19527343844
1075,0,19545454545,19545454823,0,72661,19545442443,19545508823
1076,0,19563636364,19563636744,0,90679,19563626275,19563708749
1077,0,19581818182,19581818489,0,86925,19581806070,19581886776
1078,0,19600000000,19600000288,0,53716,19599987776,19600035453
1079,0,19618181818,19618182133,0,53754,19618169641,19618217352
1080,0,19636363636,19636363965,0,77219,19636354034,19636422507
1081,0,19654545455,19654545770,0,53568,19654533232,19654580730
1082,0,19672727273,19672727560,0,54106,19672715080,19672763079
1083,0,19690909091,19690909510,0,69779,19690902107,19690960541
1084,0,19709090909,19709091432,0,82907,19709093918,19709155493
1085,0,19727272727,19727273273,0,98216,19727269500,19727352206
1086,0,19745454545,19745455095,0,127148,19745452500,19745563366
1087,0,19763636364,19763636661,0,104256,19763624218,19763721954
1088,0,19781818182,19781818464,0,53548,19781805943,19781853459
1089,0,19800000000,19800000324,0,54101,19799987904,19800035812
1090,0,19818181818,19818182101,0,61703,19818175985,19818225177
1091,0,19836363636,19836363939,0,55471,19836351513,19836400810
1092,0,19854545455,19854545806,0,57120,19854533513,19854584335
1093,0,19872727273,19872727592,0,54718,19872715416,19872763662
1094,0,19890909091,19890909410,0,54807,19890897035,19890945646
1095,0,19909090909,19909091242,0,52970,19909078732,19909125631
1096,0,19927272727,19927273049,0,52628,19927260475,19927307041
1097,0,19945454545,19945454845,0,53607,19945442416,19945489886
1098,0,19963636364,19963636660,0,52790,19963624133,19963670893
1099,0,19981818182,19981818455,0,52179,19981805925,19981852060
1100,1,20000000000,20000000311,0,72143,19999987727,20000034974
1101,1,20018181818,20018182101,0,52697,20018169719,20018216186
1102,1,20036363636,20036363922,0,52639,20036351386,20036397983
1103,1,20054545455,20054545737,0,52178,20054533190,20054579395
1104,1,20072727273,20072727535,0,53031,20072715004,20072761971
1105,1,20090909091,20090909392,0,102265,20090896868,20090992812
1106,1,20109090909,20109091206,0,100635,20109078729,20109157526
1107,1,20127272727,20127273008,0,52490,20127260445,20127306932
1108,1,20145454545,20145454821,0,54330,20145442534,20145490523
1109,1,20163636364,20163636646,0,84918,20163624217,20163703003
1110,1,20181818182,20181818468,0,70369,20181805891,20181870139
1111,1,20200000000,20200000303,0,70215,20199987788,20200051888
1112,1,20218181818,20218182115,0,83443,20218169569,20218246927
1113,1,20236363636,20236363928,0,83803,20236351478,20236429105
1114,1,20254545455,20254545771,0,69682,20254533281,20254596869
1115,1,20272727273,20272727557,0,69983,20272715019,20272778804
1116,1,20290909091,20290909379,0,102013,20290896786,20290992785
1117,1,20309090909,20309091211,0,53127,20309078822,20309125698
1118,1,20327272727,20327273021,0,53753,20327260527,20327308184
1119,1,20345454545,20345454832,0,53234,20345442276,20345489515
1120,1,20363636364,20363636685,0,53442,20363624314,20363671503
1121,1,20381818182,20381818463,0,101702,20381805928,20381901488
1122,1,20400000000,20400000290,0,52546,20399987744,20400034248
1123,1,20418181818,20418182077,0,52484,20418169541,20418215960
1124,1,20436363636,20436363907,0,52328,20436351340,20436397618
1125,1,20454545455,20454545754,0,55001,20454533724,20454582138
1126,1,20472727273,20472727560,0,85148,20472714994,20472780136
1127,1,20490909091,20490909394,0,110777,20490896919,20491001458
1128,1,20509090909,20509091251,0,102186,20509078723,20509174471
1129,1,20527272727,20527273010,0,84957,20527260557,20527325313
1130,1,20545454545,20545454855,0,71155,20545442448,20545507306
1131,1,20563636364,20563636701,0,109669,20563627160,20563711667
1132,1,20581818182,20581818667,0,96378,20581808966,20581896289
1133,1,20600000000,20600000371,0,63814,20599989388,20600045466
1134,1,20618181818,20618182330,0,73305,20618177081,20618236930
1135,1,20636363636,20636364333,0,82830,20636362175,20636427941
1136,1,20654545455,20654545909,0,68157,20654538456,20654595372
1137,1,20672727273,20672727751,0,67377,20672719685,20672776267
1138,1,20690909091,20690909449,0,78482,20690897416,20690969101
1139,1,20709090909,20709091676,0,93309,20709084148,20709165827
1140,1,20727272727,20727273027,0,77652,20727266476,20727315920
1141,1,20745454545,20745454869,0,53676,20745442355,20745489910
1142,1,20763636364,20763636670,0,57572,20763624373,20763675607
1143,1,20781818182,20781818519,0,88166,20781806647,20781887995
1144,1,20800000000,20800000322,0,56446,20799988300,20800037942
1145,1,20818181818,20818182101,0,54890,20818169758,20818218385
1146,1,20836363636,20836363958,0,54990,20836351575,20836400401
1147,1,20854545455,20854545758,0,54258,20854533390,20854581414
1148,1,20872727273,20872727727,0,60733,20872717332,20872769910
1149,1,20890909091,20890909630,0,67553,20890899918,20890958499
1150,1,20909090909,20909091618,0,86941,20909091437,20909159430
1151,1,20927272727,20927273419,0,85385,20927272118,20927339932
1152,1,20945454545,20945455332,0,107969,20945450293,20945544519
1153,1,20963636364,20963636673,0,74997,20963625490,20963692972
1154,1,20981818182,20981818496,0,110186,20981807481,20981907729
