# 20 fps for 10 s, then 1 s black; order rows-sync; sync x2, 112 bytes, source type 0x07, counter off, bytes 16-18 000000, byte 26 00, bytes 31-32 0000, level 25, byte 36 05; brightness packet x2 at 25; row tail 08 88; bars at pixel 25; wait hybrid (spin 2 ms), qdisc bypass, stamps
frame,black,tick_ns,sync_ns,added_ns,burst_ns,driver_ns,driver_row_ns
0,0,0,90843,0,96587,4938,0
1,0,50000000,50059227,0,62719,49971517,49968663
2,0,100000000,100096633,0,100948,100009842,100005537
3,0,150000000,150067667,0,71177,149980249,149977017
4,0,200000000,200056844,0,60538,199969433,199966243
5,0,250000000,250054843,0,58138,249967297,249964321
6,0,300000000,300053259,0,56172,299965348,299962742
7,0,350000000,350053624,0,56536,349965752,349963069
8,0,400000000,400094842,0,98906,400007964,400003946
9,0,450000000,450068388,0,71756,449980927,449977759
10,0,500000000,500055152,0,58365,499967485,499964560
11,0,550000000,550054193,0,57331,549966333,549963675
12,0,600000000,600061716,0,64887,599974116,599971009
13,0,650000000,650054665,0,57676,649966787,649964057
14,0,700000000,700057652,0,61164,699969944,699966914
15,0,750000000,750053810,0,56903,749966067,749963211
16,0,800000000,800059743,0,63579,799972175,799969180
17,0,850000000,850054368,0,57297,849966442,849963790
18,0,900000000,900085638,0,89551,899998648,899994671
19,0,950000000,950075902,0,79319,949988623,949985050
20,0,1000000000,1000084422,0,87902,999997248,999993433
21,0,1050000000,1050079803,0,83630,1049992923,1049988482
22,0,1100000000,1100082065,0,85454,1099994935,1099991118
23,0,1150000000,1150102825,0,106354,1150015559,1150012164
24,0,1200000000,1200078804,0,82929,1199991442,1199987612
25,0,1250000000,1250056286,0,59749,1249968682,1249965677
26,0,1300000000,1300058544,0,61643,1299970897,1299967935
27,0,1350000000,1350053721,0,56931,1349965999,1349963131
28,0,1400000000,1400054609,0,57557,1399966825,1399964015
29,0,1450000000,1450055736,0,58890,1449968172,1449965192
30,0,1500000000,1500084560,0,89239,1499997829,1499993495
31,0,1550000000,1550079972,0,83932,1549993039,1549989052
32,0,1600000000,1600062033,0,65411,1599974345,1599971494
33,0,1650000000,1650057693,0,61026,1649969991,1649967036
34,0,1700000000,1700055429,0,58604,1699967748,1699964917
35,0,1750000000,1750054611,0,57741,1749966971,1749963962
36,0,1800000000,1800054122,0,57396,1799966657,1799963573
37,0,1850000000,1850055533,0,58686,1849967875,1849964988
38,0,1900000000,1900057034,0,60339,1899969465,1899966420
39,0,1950000000,1950058087,0,61574,1949970699,1949967516
40,0,2000000000,2000054405,0,57806,1999966682,1999963782
41,0,2050000000,2050055013,0,58121,2049967346,2049964470
42,0,2100000000,2100054591,0,57689,2099966834,2099964028
43,0,2150000000,2150112510,0,116361,2150025866,2150021501
44,0,2200000000,2200082996,0,86625,2199995760,2199992158
45,0,2250000000,2250077485,0,81189,2249990255,2249986851
46,0,2300000000,2300056740,0,60334,2299969151,2299966174
47,0,2350000000,2350055359,0,58283,2349967501,2349964777
48,0,2400000000,2400052895,0,55696,2399965049,2399962318
49,0,2450000000,2450057558,0,60660,2449969817,2449967004
50,0,2500000000,2500053913,0,56861,2499966210,2499963278
51,0,2550000000,2550086679,0,90702,2549999823,2549995399
52,0,2600000000,2600076777,0,80959,2599989437,2599985992
53,0,2650000000,2650059522,0,62742,2649971848,2649968951
54,0,2700000000,2700061588,0,64642,2699973860,2699971009
55,0,2750000000,2750054534,0,57474,2749966823,2749963966
56,0,2800000000,2800055174,0,58575,2799967669,2799964646
57,0,2850000000,2850098213,0,102316,2850011296,2850007379
58,0,2900000000,2900070448,0,73790,2899983065,2899979703
59,0,2950000000,2950056115,0,59244,2949968474,2949965522
60,0,3000000000,3000055094,0,58287,2999967322,2999964572
61,0,3050000000,3050053310,0,56362,3049965694,3049962772
62,0,3100000000,3100065438,0,69263,3099978446,3099974779
63,0,3150000000,3150079952,0,83558,3149992719,3149989112
64,0,3200000000,3200063955,0,68886,3199976943,3199973304
65,0,3250000000,3250064775,0,68707,3249977730,3249974099
66,0,3300000000,3300082607,0,86385,3299995653,3299991754
67,0,3350000000,3350074515,0,78229,3349987196,3349983670
68,0,3400000000,3400072454,0,75921,3399985076,3399981695
69,0,3450000000,3450085033,0,88805,3449997795,3449994055
70,0,3500000000,3500077034,0,80828,3499989884,3499986275
71,0,3550000000,3550056688,0,60102,3549969092,3549966127
72,0,3600000000,3600062523,0,66426,3599975429,3599971887
73,0,3650000000,3650053745,0,57040,3649966037,3649963173
74,0,3700000000,3700058075,0,61571,3699970560,3699967505
75,0,3750000000,3750078899,0,82396,3749991675,3749988024
76,0,3800000000,3800070088,0,76127,3799983218,3799979337
77,0,3850000000,3850055787,0,59180,3849968155,3849965162
78,0,3900000000,3900057654,0,61113,3899970299,3899967010
79,0,3950000000,3950054997,0,57722,3949967057,3949964441
80,0,4000000000,4000055614,0,58467,3999967705,3999965048
81,0,4050000000,4050052906,0,56052,4049965170,4049962361
82,0,4100000000,4100056849,0,59747,4099968998,4099966282
83,0,4150000000,4150054367,0,57405,4149966495,4149963808
84,0,4200000000,4200079942,0,83670,4199992865,4199989038
85,0,4250000000,4250068810,0,72503,4249981463,4249978016
86,0,4300000000,4300057997,0,61121,4299970415,4299967421
87,0,4350000000,4350058458,0,61579,4349970802,4349967620
88,0,4400000000,4400079168,0,83437,4399992668,4399988240
89,0,4450000000,4450084004,0,88113,4449997129,4449992966
90,0,4500000000,4500071907,0,75893,4499984745,4499981117
91,0,4550000000,4550074541,0,78084,4549987391,4549983660
92,0,4600000000,4600055541,0,60799,4599967938,4599965044
93,0,4650000000,4650060433,0,63765,4649972802,4649969847
94,0,4700000000,4700061432,0,64362,4699973574,4699970879
95,0,4750000000,4750054472,0,57885,4749966796,4749963890
96,0,4800000000,4800053508,0,56138,4799965457,4799962934
97,0,4850000000,4850054002,0,56702,4849965980,4849963321
98,0,4900000000,4900054386,0,57370,4899966509,4899963873
99,0,4950000000,4950055642,0,58950,4949968125,4949965065
100,0,5000000000,5000084532,0,88530,4999997745,4999993346
101,0,5050000000,5050076189,0,79692,5049989122,5049985376
102,0,5100000000,5100056170,0,59320,5099968610,5099965614
103,0,5150000000,5150057710,0,60623,5149969798,5149967181
104,0,5200000000,5200053633,0,56366,5199965711,5199963027
105,0,5250000000,5250058128,0,61199,5249970341,5249967534
106,0,5300000000,5300055193,0,58227,5299967280,5299964627
107,0,5350000000,5350056280,0,59234,5349968328,5349965676
108,0,5400000000,5400053033,0,57608,5399965052,5399962420
109,0,5450000000,5450055669,0,59065,5449968153,5449965101
110,0,5500000000,5500054555,0,57498,5499966734,5499963945
111,0,5550000000,5550163302,0,156932,5550077761,5550071565
112,0,5600000000,5600083016,0,87023,5599996244,5599992228
113,0,5650000000,5650075385,0,79130,5649988196,5649984829
114,0,5700000000,5700064785,0,68877,5699977476,5699974251
115,0,5750000000,5750054211,0,57663,5749966738,5749963636
116,0,5800000000,5800057306,0,60675,5799969747,5799966714
117,0,5850000000,5850054086,0,57129,5849966200,5849963547
118,0,5900000000,5900057351,0,60234,5899969489,5899966759
119,0,5950000000,5950054840,0,57858,5949967096,5949964290
120,0,6000000000,6000053812,0,57081,5999966184,5999963223
121,0,6050000000,6050054029,0,57042,6049966231,6049963490
122,0,6100000000,6100057573,0,60591,6099969922,6099966889
123,0,6150000000,6150053853,0,57053,6149966289,6149963250
124,0,6200000000,6200057244,0,60224,6199969403,6199966739
125,0,6250000000,6250055003,0,58048,6249967259,6249964371
126,0,6300000000,6300087418,0,91168,6300000431,6299996386
127,0,6350000000,6350072774,0,77338,6349985901,6349981950
128,0,6400000000,6400067287,0,73370,6399980235,6399976707
129,0,6450000000,6450055603,0,58927,6449968182,6449965028
130,0,6500000000,6500057939,0,61707,6499970288,6499967398
131,0,6550000000,6550055127,0,58423,6549967508,6549964596
132,0,6600000000,6600054738,0,57364,6599966659,6599964179
133,0,6650000000,6650054082,0,57063,6649966266,6649963461
134,0,6700000000,6700104559,0,109392,6700018015,6700013468
135,0,6750000000,6750081754,0,85465,6749994580,6749990876
136,0,6800000000,6800080198,0,84094,6799993011,6799989155
137,0,6850000000,6850056440,0,59759,6849968918,6849965867
138,0,6900000000,6900060604,0,64076,6899972997,6899970009
139,0,6950000000,6950056586,0,59898,6949968743,6949966048
140,0,7000000000,7000058084,0,61149,6999970346,6999967513
141,0,7050000000,7050057490,0,60622,7049969879,7049966892
142,0,7100000000,7100054508,0,57511,7099966653,7099963930
143,0,7150000000,7150057780,0,60783,7149970061,7149967210
144,0,7200000000,7200083682,0,87590,7199996677,7199992701
145,0,7250000000,7250078718,0,82617,7249991487,7249987474
146,0,7300000000,7300057480,0,60631,7299970022,7299966844
147,0,7350000000,7350057358,0,60187,7349969381,7349966773
148,0,7400000000,7400054102,0,58734,7399966367,7399963571
149,0,7450000000,7450055757,0,58866,7449968021,7449965048
150,0,7500000000,7500056987,0,59995,7499969167,7499966420
151,0,7550000000,7550054850,0,57852,7549966999,7549964268
152,0,7600000000,7600053117,0,55868,7599965134,7599962528
153,0,7650000000,7650063898,0,67033,7649976270,7649973173
154,0,7700000000,7700057690,0,60830,7699970010,7699967096
155,0,7750000000,7750056175,0,59345,7749968476,7749965595
156,0,7800000000,7800059877,0,63314,7799972421,7799969241
157,0,7850000000,7850084157,0,87946,7849996932,7849992848
158,0,7900000000,7900077193,0,80753,7899990148,7899986227
159,0,7950000000,7950073939,0,77578,7949986760,7949983060
160,0,8000000000,8000056538,0,59787,7999969011,7999965939
161,0,8050000000,8050057120,0,60423,8049969522,8049966523
162,0,8100000000,8100054884,0,58115,8099967268,8099964262
163,0,8150000000,8150054570,0,57562,8149966780,8149963979
164,0,8200000000,8200054226,0,56994,8199966211,8199963561
165,0,8250000000,8250055783,0,58499,8249967856,8249965172
166,0,8300000000,8300053280,0,56145,8299965345,8299962640
167,0,8350000000,8350054769,0,57753,8349967087,8349964146
168,0,8400000000,8400059584,0,62915,8399972070,8399968946
169,0,8450000000,8450082334,0,85957,8449995104,8449991118
170,0,8500000000,8500064145,0,67766,8499976754,8499973546
171,0,8550000000,8550054817,0,57960,8549967052,8549964223
172,0,8600000000,8600058480,0,62762,8599970899,8599967848
173,0,8650000000,8650055737,0,58894,8649967989,8649965136
174,0,8700000000,8700058365,0,61654,8699970648,8699967722
175,0,8750000000,8750056465,0,59261,8749968483,8749965848
176,0,8800000000,8800059482,0,62594,8799971677,8799968760
177,0,8850000000,8850053855,0,57312,8849966423,8849963310
178,0,8900000000,8900056653,0,59963,8899969053,8899966029
179,0,8950000000,8950080548,0,84195,8949993229,8949989408
180,0,9000000000,9000084469,0,88370,8999997576,8999993483
181,0,9050000000,9050074957,0,78587,9049987916,9049983978
182,0,9100000000,9100062101,0,64838,9099974441,9099971526
183,0,9150000000,9150053609,0,56766,9149965913,9149963027
184,0,9200000000,9200055376,0,58348,9199967518,9199964754
185,0,9250000000,9250054411,0,57370,9249966511,9249963786
186,0,9300000000,9300054780,0,57831,9299967110,9299964220
187,0,9350000000,9350083938,0,87747,9349996834,9349992822
188,0,9400000000,9400076180,0,79971,9399989029,9399985284
189,0,9450000000,9450057145,0,60066,9449969263,9449966498
190,0,9500000000,9500057104,0,60541,9499969364,9499966510
191,0,9550000000,9550056064,0,58889,9549968173,9549965418
192,0,9600000000,9600053983,0,56838,9599966137,9599963308
193,0,9650000000,9650053772,0,56686,9649965698,9649963039
194,0,9700000000,9700056199,0,59357,9699968573,9699965553
195,0,9750000000,9750054968,0,57986,9749967150,9749964369
196,0,9800000000,9800056487,0,59410,9799968549,9799965801
197,0,9850000000,9850055043,0,58059,9849967095,9849964417
198,0,9900000000,9900053760,0,57151,9899966227,9899963176
199,0,9950000000,9950055518,0,58340,9949967678,9949964886
200,1,10000000000,10000081764,0,87110,9999994937,9999990850
201,1,10050000000,10050075869,0,78990,10049988684,10049984711
202,1,10100000000,10100084181,0,87448,10099997105,10099993160
203,1,10150000000,10150081417,0,85475,10149994532,10149990516
204,1,10200000000,10200067613,0,71086,10199980199,10199976891
205,1,10250000000,10250059232,0,62468,10249971543,10249968398
206,1,10300000000,10300053861,0,57074,10299966168,10299963219
207,1,10350000000,10350055416,0,58701,10349967761,10349964827
208,1,10400000000,10400054314,0,57284,10399966560,10399963727
209,1,10450000000,10450054838,0,57884,10449966947,10449964262
210,1,10500000000,10500087184,0,90920,10500000557,10499996231
211,1,10550000000,10550075341,0,78896,10549988171,10549984439
212,1,10600000000,10600056523,0,60170,10599969229,10599965931
213,1,10650000000,10650056596,0,59563,10649968705,10649966028
214,1,10700000000,10700060419,0,63648,10699972516,10699969744
215,1,10750000000,10750054773,0,57807,10749966965,10749964146
216,1,10800000000,10800054229,0,57191,10799966315,10799963618
217,1,10850000000,10850053883,0,56946,10849965996,10849963306
218,1,10900000000,10900054138,0,57144,10899966294,10899963557
219,1,10950000000,10950054181,0,56936,10949966076,10949963565
