# 59 fps for 20 s, then 1 s black; order sync-rows; sync x1, 1036 bytes, source type 0x00, counter on, bytes 16-18 ffffff, byte 26 01, bytes 31-32 013c, level 255, byte 36 00; no brightness packet; row tail 00 00; bars at pixel 25; wait hybrid (spin 2 ms), qdisc bypass, stamps
frame,black,tick_ns,sync_ns,added_ns,burst_ns,driver_ns,driver_row_ns
0,0,0,534,0,94326,0,65765
1,0,16949153,16949545,0,65164,16930863,16985683
2,0,33898305,33898675,0,56649,33877704,33926848
3,0,50847458,50847791,0,56350,50826651,50875673
4,0,67796610,67796926,0,59461,67781354,67827827
5,0,84745763,84746108,0,54377,84724949,84772013
6,0,101694915,101695252,0,53745,101673913,101720525
7,0,118644068,118644390,0,56746,118623776,118672657
8,0,135593220,135593579,0,55608,135572300,135620261
9,0,152542373,152542757,0,53483,152521492,152567770
10,0,169491525,169491839,0,53778,169470531,169517099
11,0,186440678,186441015,0,53797,186419822,186466378
12,0,203389831,203390186,0,54778,203368940,203416475
13,0,220338983,220339429,0,92626,220320560,220403213
14,0,237288136,237288481,0,55592,237267493,237315603
15,0,254237288,254237642,0,54864,254216308,254264038
16,0,271186441,271186792,0,54245,271165517,271212321
17,0,288135593,288135915,0,53642,288114632,288161078
18,0,305084746,305085096,0,54173,305063976,305110763
19,0,322033898,322034278,0,54833,322012922,322060666
20,0,338983051,338983438,0,55438,338962664,339010393
21,0,355932203,355932681,0,76060,355920548,355979905
22,0,372881356,372882136,0,105732,372875609,372959017
23,0,389830508,389831219,0,74103,389818512,389876786
24,0,406779661,406779951,0,56215,406758654,406807068
25,0,423728814,423729181,0,57388,423708054,423758137
26,0,440677966,440678399,0,59687,440658924,440709570
27,0,457627119,457627480,0,55759,457606597,457654738
28,0,474576271,474576595,0,54782,474555295,474602949
29,0,491525424,491525780,0,54422,491504821,491551740
30,0,508474576,508474901,0,54162,508453685,508500579
31,0,525423729,525424047,0,54151,525402609,525449732
32,0,542372881,542373210,0,61161,542355894,542405360
33,0,559322034,559322323,0,53825,559300945,559347733
34,0,576271186,576271544,0,53985,576250053,576297070
35,0,593220339,593220622,0,53439,593199335,593245618
36,0,610169492,610169845,0,54126,610148465,610195549
37,0,627118644,627118981,0,53757,627097585,627144260
38,0,644067797,644068231,0,58152,644048596,644097842
39,0,661016949,661017305,0,54751,660996045,661043597
40,0,677966102,677966420,0,54383,677945078,677991908
41,0,694915254,694915597,0,54555,694894380,694941677
42,0,711864407,711864768,0,54109,711843319,711890381
43,0,728813559,728813937,0,53783,728792704,728839265
44,0,745762712,745763167,0,55697,745741951,745790325
45,0,762711864,762712413,0,70590,762697912,762754350
46,0,779661017,779661645,0,73563,779649239,779706430
47,0,796610169,796610768,0,75653,796598732,796657728
48,0,813559322,813559694,0,64985,813541884,813595926
49,0,830508475,830508773,0,55402,830487517,830535710
50,0,847457627,847457925,0,54912,847436984,847484354
51,0,864406780,864407089,0,53685,864385587,864432304
52,0,881355932,881356228,0,56184,881334901,881383616
53,0,898305085,898305424,0,54186,898284621,898331116
54,0,915254237,915254564,0,54786,915234322,915280819
55,0,932203390,932203697,0,53338,932182336,932228632
56,0,949152542,949152831,0,57802,949132420,949182116
57,0,966101695,966102051,0,54808,966081113,966128329
58,0,983050847,983051156,0,54295,983029744,983076964
59,0,1000000000,1000001020,0,102256,999992923,1000074470
60,0,1016949153,1016950408,0,141621,1016946546,1017063240
61,0,1033898305,1033899312,0,143379,1033895798,1034013784
62,0,1050847458,1050848276,0,101633,1050840709,1050920941
63,0,1067796610,1067797044,0,61498,1067776943,1067830055
64,0,1084745763,1084746184,0,60166,1084726057,1084776690
65,0,1101694915,1101695270,0,56958,1101674617,1101723668
66,0,1118644068,1118644422,0,59634,1118624084,1118675429
67,0,1135593220,1135593569,0,56581,1135572204,1135621663
68,0,1152542373,1152542732,0,55800,1152521706,1152570032
69,0,1169491525,1169491863,0,55206,1169470632,1169518579
70,0,1186440678,1186441030,0,53767,1186419666,1186466272
71,0,1203389831,1203390172,0,54124,1203368729,1203415791
72,0,1220338983,1220339326,0,56715,1220318296,1220367612
73,0,1237288136,1237288432,0,54082,1237267080,1237314051
74,0,1254237288,1254237626,0,54378,1254216900,1254263556
75,0,1271186441,1271186798,0,55648,1271165786,1271214008
76,0,1288135593,1288135943,0,56578,1288114586,1288162574
77,0,1305084746,1305085117,0,55706,1305064467,1305112366
78,0,1322033898,1322034516,0,74122,1322021180,1322079955
79,0,1338983051,1338983652,0,75309,1338970183,1339030259
80,0,1355932203,1355932798,0,78167,1355921661,1355982234
81,0,1372881356,1372881762,0,63349,1372863972,1372916519
82,0,1389830508,1389830851,0,55446,1389809765,1389857818
83,0,1406779661,1406780021,0,54628,1406758809,1406806179
84,0,1423728814,1423729123,0,53654,1423707798,1423754330
85,0,1440677966,1440678283,0,53712,1440657011,1440703521
86,0,1457627119,1457627492,0,55223,1457607168,1457654245
87,0,1474576271,1474576578,0,55242,1474555426,1474603309
88,0,1491525424,1491525728,0,54183,1491504582,1491551424
89,0,1508474576,1508475176,0,69030,1508460456,1508515598
90,0,1525423729,1525424253,0,75004,1525411517,1525470512
91,0,1542372881,1542373502,0,78571,1542363342,1542423352
92,0,1559322034,1559322760,0,74110,1559306346,1559365341
93,0,1576271186,1576271668,0,65272,1576254735,1576308197
94,0,1593220339,1593220673,0,55328,1593199462,1593247488
95,0,1610169492,1610169842,0,54182,1610148570,1610195544
96,0,1627118644,1627119010,0,54185,1627097700,1627144705
97,0,1644067797,1644068128,0,54259,1644046683,1644093904
98,0,1661016949,1661017303,0,53824,1660995940,1661042641
99,0,1677966102,1677966476,0,55475,1677945271,1677993571
100,0,1694915254,1694915609,0,55408,1694894888,1694942503
101,0,1711864407,1711864920,0,87845,1711845994,1711924111
102,0,1728813559,1728813924,0,54033,1728792550,1728839505
103,0,1745762712,1745763096,0,53880,1745741830,1745788504
104,0,1762711864,1762712179,0,53608,1762690712,1762737285
105,0,1779661017,1779661408,0,54969,1779640286,1779687921
106,0,1796610169,1796610509,0,54757,1796589167,1796636784
107,0,1813559322,1813559654,0,53935,1813538183,1813585092
108,0,1830508475,1830508876,0,58412,1830489102,1830536893
109,0,1847457627,1847458163,0,76110,1847446458,1847505712
110,0,1864406780,1864407376,0,76110,1864394735,1864454700
111,0,1881355932,1881356428,0,117417,1881342089,1881445243
112,0,1898305085,1898305428,0,55454,1898284050,1898332395
113,0,1915254237,1915254617,0,54159,1915233559,1915280310
114,0,1932203390,1932203716,0,54511,1932182914,1932229792
115,0,1949152542,1949152891,0,53421,1949131534,1949177843
116,0,1966101695,1966102029,0,54925,1966081718,1966128516
117,0,1983050847,1983051197,0,55724,1983030508,1983078399
118,0,2000000000,2000000327,0,54611,1999978833,2000026443
119,0,2016949153,2016949485,0,54062,2016928144,2016975018
120,0,2033898305,2033898629,0,54054,2033877222,2033924198
121,0,2050847458,2050847821,0,54139,2050826551,2050873457
122,0,2067796610,2067796975,0,53525,2067775571,2067822043
123,0,2084745763,2084746224,0,94271,2084726835,2084811715
124,0,2101694915,2101695539,0,80319,2101685802,2101747086
125,0,2118644068,2118644805,0,79626,2118633781,2118695731
126,0,2135593220,2135594017,0,139124,2135589192,2135703903
127,0,2152542373,2152542910,0,72432,2152528126,2152586758
128,0,2169491525,2169491921,0,70581,2169475185,2169531338
129,0,2186440678,2186441125,0,84011,2186424940,2186496428
130,0,2203389831,2203390436,0,70063,2203375014,2203431906
131,0,2220338983,2220339443,0,67529,2220322070,2220378433
132,0,2237288136,2237288463,0,76425,2237268308,2237336152
133,0,2254237288,2254237642,0,61021,2254218109,2254270079
134,0,2271186441,2271186800,0,62487,2271170263,2271220842
135,0,2288135593,2288135944,0,56356,2288114941,2288163832
136,0,2305084746,2305085109,0,56269,2305064046,2305112888
137,0,2322033898,2322034276,0,56156,2322013359,2322061989
138,0,2338983051,2338983370,0,55086,2338962069,2339009957
139,0,2355932203,2355932595,0,58623,2355912571,2355962718
140,0,2372881356,2372881870,0,72953,2372868289,2372926150
141,0,2389830508,2389830995,0,76281,2389819391,2389878491
142,0,2406779661,2406780332,0,78612,2406770235,2406830230
143,0,2423728814,2423729142,0,58108,2423708317,2423758700
144,0,2440677966,2440678318,0,53923,2440657016,2440703754
145,0,2457627119,2457627460,0,54352,2457606084,2457653363
146,0,2474576271,2474576586,0,54045,2474555561,2474602137
147,0,2491525424,2491525754,0,54030,2491504431,2491551334
148,0,2508474576,2508474925,0,58299,2508454085,2508502905
149,0,2525423729,2525424090,0,54867,2525403235,2525450499
150,0,2542372881,2542373229,0,57072,2542354915,2542401851
151,0,2559322034,2559322337,0,53839,2559300972,2559347717
152,0,2576271186,2576271495,0,54245,2576249965,2576297251
153,0,2593220339,2593220672,0,53679,2593199257,2593245898
154,0,2610169492,2610169815,0,54203,2610148709,2610195540
155,0,2627118644,2627118985,0,54541,2627097483,2627145047
156,0,2644067797,2644068138,0,53284,2644046637,2644092981
157,0,2661016949,2661017286,0,54117,2660995811,2661042923
158,0,2677966102,2677966439,0,54254,2677945315,2677992168
159,0,2694915254,2694915914,0,122685,2694903683,2695009818
160,0,2711864407,2711865275,0,84650,2711858142,2711921127
161,0,2728813559,2728814354,0,99566,2728805720,2728885116
162,0,2745762712,2745763072,0,59451,2745743114,2745793710
163,0,2762711864,2762712198,0,57181,2762691039,2762740818
164,0,2779661017,2779661352,0,55724,2779640167,2779688569
165,0,2796610169,2796610494,0,55027,2796589147,2796636999
166,0,2813559322,2813559657,0,56449,2813538637,2813587625
167,0,2830508475,2830508860,0,55619,2830487675,2830536005
168,0,2847457627,2847457988,0,54866,2847437028,2847484451
169,0,2864406780,2864407108,0,54196,2864385934,2864432832
170,0,2881355932,2881356225,0,55853,2881334916,2881383583
171,0,2898305085,2898305425,0,53731,2898283932,2898330732
172,0,2915254237,2915254573,0,57739,2915233676,2915282585
173,0,2932203390,2932203741,0,54635,2932182580,2932229935
174,0,2949152542,2949152890,0,54163,2949131710,2949178592
175,0,2966101695,2966102001,0,54182,2966080714,2966127731
176,0,2983050847,2983051122,0,54870,2983030782,2983077494
177,0,3000000000,3000000381,0,53224,2999978876,3000025173
178,0,3016949153,3016949514,0,55750,3016928827,3016976791
179,0,3033898305,3033898646,0,55075,3033877268,3033925255
180,0,3050847458,3050848031,0,114006,3050838750,3050933150
181,0,3067796610,3067797371,0,75949,3067784815,3067844619
182,0,3084745763,3084746513,0,126327,3084734993,3084843864
183,0,3101694915,3101695312,0,57771,3101674635,3101724614
184,0,3118644068,3118644470,0,58199,3118623641,3118674209
185,0,3135593220,3135593558,0,58172,3135572950,3135623249
186,0,3152542373,3152542713,0,54462,3152521518,3152568667
187,0,3169491525,3169491819,0,54721,3169470510,3169518030
188,0,3186440678,3186441012,0,53964,3186419525,3186466521
189,0,3203389831,3203390169,0,54628,3203368945,3203416360
190,0,3220338983,3220339307,0,59595,3220317965,3220370430
191,0,3237288136,3237288432,0,56305,3237267301,3237316259
192,0,3254237288,3254237677,0,54120,3254216435,3254263355
193,0,3271186441,3271186789,0,63946,3271168433,3271222224
194,0,3288135593,3288135975,0,60530,3288116082,3288168082
195,0,3305084746,3305085407,0,77490,3305074895,3305134015
196,0,3322033898,3322034354,0,63934,3322015517,3322069642
197,0,3338983051,3338983703,0,78901,3338973638,3339033817
198,0,3355932203,3355932915,0,83598,3355924388,3355987761
199,0,3372881356,3372881699,0,59868,3372861350,3372913011
200,0,3389830508,3389830863,0,56925,3389809906,3389857887
201,0,3406779661,3406780194,0,60494,3406761155,3406812149
202,0,3423728814,3423729151,0,56177,3423708145,3423756795
203,0,3440677966,3440678371,0,57454,3440657640,3440707306
204,0,3457627119,3457627452,0,54533,3457606202,3457653545
205,0,3474576271,3474576551,0,54070,3474555052,3474602155
206,0,3491525424,3491525731,0,53672,3491504265,3491550907
207,0,3508474576,3508474906,0,54104,3508453475,3508500549
208,0,3525423729,3525424046,0,53720,3525402555,3525449279
209,0,3542372881,3542373491,0,114975,3542366266,3542459686
210,0,3559322034,3559322763,0,119478,3559310933,3559413515
211,0,3576271186,3576272214,0,94265,3576260337,3576337820
212,0,3593220339,3593220808,0,71464,3593206515,3593263547
213,0,3610169492,3610169857,0,56235,3610148934,3610197561
214,0,3627118644,3627118949,0,54940,3627097621,3627145435
215,0,3644067797,3644068218,0,78838,3644049134,3644118532
216,0,3661016949,3661017304,0,55833,3660996618,3661044673
217,0,3677966102,3677966395,0,54447,3677945222,3677992380
218,0,3694915254,3694915585,0,54853,3694894181,3694941957
219,0,3711864407,3711864732,0,54419,3711843725,3711890660
220,0,3728813559,3728814056,0,86209,3728794229,3728871467
221,0,3745762712,3745763090,0,55626,3745742180,3745790286
222,0,3762711864,3762712226,0,55124,3762690932,3762738891
223,0,3779661017,3779661372,0,54079,3779640000,3779686964
224,0,3796610169,3796610513,0,53642,3796589170,3796635682
225,0,3813559322,3813559651,0,53683,3813538312,3813584808
226,0,3830508475,3830508760,0,53971,3830487537,3830534205
227,0,3847457627,3847457976,0,53835,3847436773,3847483372
228,0,3864406780,3864407136,0,55089,3864386516,3864433760
229,0,3881355932,3881356261,0,56067,3881334936,3881383848
230,0,3898305085,3898305386,0,54061,3898283970,3898330999
231,0,3915254237,3915254576,0,54270,3915233369,3915280356
232,0,3932203390,3932203688,0,54365,3932182119,3932228365
233,0,3949152542,3949152898,0,53645,3949131687,3949178132
234,0,3966101695,3966102092,0,57749,3966082486,3966131373
235,0,3983050847,3983051224,0,55044,3983030293,3983077834
236,0,4000000000,4000000388,0,53458,3999978981,4000025344
237,0,4016949153,4016949479,0,54169,4016928266,4016975161
238,0,4033898305,4033898634,0,53567,4033877245,4033923736
239,0,4050847458,4050847773,0,53806,4050826480,4050873125
240,0,4067796610,4067797001,0,56641,4067776156,4067825184
241,0,4084745763,4084746128,0,54278,4084725015,4084771958
242,0,4101694915,4101695259,0,54392,4101674161,4101721143
243,0,4118644068,4118644408,0,53632,4118622928,4118669577
244,0,4135593220,4135593533,0,53490,4135572112,4135618533
245,0,4152542373,4152542779,0,66025,4152525813,4152580249
246,0,4169491525,4169492416,0,86005,4169485458,4169549550
247,0,4186440678,4186441430,0,94749,4186429401,4186507279
248,0,4203389831,4203390495,0,71379,4203376270,4203433104
249,0,4220338983,4220339607,0,57622,4220318367,4220368720
250,0,4237288136,4237288495,0,54563,4237267185,4237314565
251,0,4254237288,4254237617,0,54723,4254216019,4254263855
252,0,4271186441,4271186886,0,61576,4271167954,4271219880
253,0,4288135593,4288135935,0,90930,4288115646,4288198194
254,0,4305084746,4305085096,0,56323,4305063921,4305112891
255,0,4322033898,4322034241,0,54168,4322012864,4322059901
256,0,4338983051,4338983396,0,54049,4338962002,4339008886
257,0,4355932203,4355932515,0,54154,4355911261,4355958230
258,0,4372881356,4372881735,0,58469,4372861007,4372911718
259,0,4389830508,4389830833,0,56197,4389809585,4389858536
260,0,4406779661,4406779992,0,62006,4406764936,4406813551
261,0,4423728814,4423729213,0,64256,4423711358,4423764753
262,0,4440677966,4440678501,0,66276,4440660444,4440716012
263,0,4457627119,4457627774,0,74514,4457614845,4457673657
264,0,4474576271,4474576666,0,80981,4474558262,4474628842
265,0,4491525424,4491526413,0,75002,4491514452,4491572865
266,0,4508474576,4508475033,0,59298,4508454801,4508505828
267,0,4525423729,4525424312,0,124514,4525424280,4525519621
268,0,4542372881,4542373866,0,129536,4542391527,4542471862
269,0,4559322034,4559322749,0,102099,4559310090,4559396247
270,0,4576271186,4576271633,0,68260,4576255370,4576310852
271,0,4593220339,4593220702,0,55722,4593199559,4593247904
272,0,4610169492,4610169987,0,86149,4610151463,4610227347
273,0,4627118644,4627118956,0,56833,4627097731,4627147059
274,0,4644067797,4644068151,0,54973,4644046897,4644094655
275,0,4661016949,4661017278,0,55402,4660996047,4661044155
276,0,4677966102,4677966412,0,53818,4677944995,4677991756
277,0,4694915254,4694915590,0,55481,4694894748,4694942583
278,0,4711864407,4711864761,0,54751,4711843434,4711891017
279,0,4728813559,4728813908,0,54296,4728792662,4728839770
280,0,4745762712,4745763068,0,55585,4745742341,4745790217
281,0,4762711864,4762712170,0,54257,4762690976,4762737993
282,0,4779661017,4779661321,0,54328,4779639903,4779687193
283,0,4796610169,4796610484,0,56613,4796589662,4796638625
284,0,4813559322,4813559638,0,54521,4813538448,4813585681
285,0,4830508475,4830508823,0,54617,4830487385,4830535001
286,0,4847457627,4847457954,0,53691,4847436706,4847483177
287,0,4864406780,4864407073,0,54057,4864385776,4864432651
288,0,4881355932,4881356260,0,59915,4881334754,4881387671
289,0,4898305085,4898305471,0,53887,4898284352,4898330945
290,0,4915254237,4915254524,0,53787,4915233211,4915279841
291,0,4932203390,4932203703,0,54537,4932182236,4932229792
292,0,4949152542,4949152830,0,54140,4949131436,4949178500
293,0,4966101695,4966102014,0,53761,4966080758,4966127335
294,0,4983050847,4983051449,0,73011,4983037385,4983095702
295,0,5000000000,5000000798,0,85575,4999993799,5000057456
296,0,5016949153,5016949614,0,74868,5016935986,5016995733
297,0,5033898305,5033898751,0,66071,5033881270,5033936260
298,0,5050847458,5050847774,0,55862,5050826675,5050875095
299,0,5067796610,5067796907,0,54044,5067775464,5067822483
300,0,5084745763,5084746093,0,54236,5084724875,5084771854
301,0,5101694915,5101695257,0,60842,5101675909,5101727614
302,0,5118644068,5118644406,0,56325,5118623319,5118672253
303,0,5135593220,5135593567,0,53529,5135572375,5135618604
304,0,5152542373,5152542719,0,53847,5152521437,5152568056
305,0,5169491525,5169491847,0,54073,5169470712,5169517410
306,0,5186440678,5186440975,0,54188,5186419925,5186466647
307,0,5203389831,5203400965,0,68668,5203380228,5203441199
308,0,5220338983,5220339274,0,63278,5220318554,5220373215
309,0,5237288136,5237288487,0,54733,5237267621,5237314755
310,0,5254237288,5254237606,0,54257,5254216300,5254263403
311,0,5271186441,5271186787,0,53924,5271165600,5271212257
312,0,5288135593,5288135937,0,53976,5288114569,5288161466
313,0,5305084746,5305085058,0,54317,5305063822,5305110896
314,0,5322033898,5322034261,0,56073,5322013179,5322061883
315,0,5338983051,5338983387,0,54576,5338962032,5339009529
316,0,5355932203,5355932568,0,54226,5355911370,5355958298
317,0,5372881356,5372881672,0,59494,5372866193,5372912737
318,0,5389830508,5389830804,0,53752,5389809344,5389856104
319,0,5406779661,5406779965,0,54313,5406758788,5406805832
320,0,5423728814,5423729165,0,55632,5423708091,5423756326
321,0,5440677966,5440678290,0,55166,5440656966,5440704975
322,0,5457627119,5457627474,0,53913,5457606127,5457652901
323,0,5474576271,5474576619,0,54499,5474555285,5474602707
324,0,5491525424,5491525734,0,54083,5491504230,5491551368
325,0,5508474576,5508474920,0,54439,5508453480,5508500859
326,0,5525423729,5525424084,0,55280,5525403052,5525450878
327,0,5542372881,5542373222,0,57693,5542354175,5542402407
328,0,5559322034,5559322358,0,65661,5559302546,5559358951
329,0,5576271186,5576271568,0,65321,5576253874,5576308382
330,0,5593220339,5593221169,0,75292,5593208712,5593267852
331,0,5610169492,5610169922,0,65198,5610152299,5610206561
332,0,5627118644,5627119063,0,66127,5627101732,5627156547
333,0,5644067797,5644068135,0,57571,5644047322,5644097193
334,0,5661016949,5661017293,0,57161,5660996450,5661045935
335,0,5677966102,5677966391,0,56613,5677945433,5677994501
336,0,5694915254,5694915574,0,54684,5694894710,5694941802
337,0,5711864407,5711864722,0,54209,5711843368,5711890469
338,0,5728813559,5728813920,0,55598,5728793001,5728841049
339,0,5745762712,5745763160,0,85262,5745743435,5745819718
340,0,5762711864,5762712265,0,100141,5762696313,5762783558
341,0,5779661017,5779661573,0,73544,5779648371,5779706380
342,0,5796610169,5796611160,0,75564,5796598089,5796658003
343,0,5813559322,5813559845,0,68328,5813543795,5813599521
344,0,5830508475,5830508868,0,66316,5830491730,5830546592
345,0,5847457627,5847457969,0,56072,5847437026,5847485515
346,0,5864406780,5864407093,0,54027,5864385717,5864432639
347,0,5881355932,5881356220,0,56590,5881334919,5881384389
348,0,5898305085,5898305421,0,53872,5898284013,5898330790
349,0,5915254237,5915254551,0,53966,5915233142,5915280002
350,0,5932203390,5932203786,0,55214,5932182818,5932230476
351,0,5949152542,5949152980,0,57268,5949132321,5949181797
352,0,5966101695,5966102035,0,55776,5966080544,5966128269
353,0,5983050847,5983051167,0,55148,5983030324,5983077795
354,0,6000000000,6000000317,0,53964,5999978996,6000025808
355,0,6016949153,6016949493,0,53872,6016928291,6016974894
356,0,6033898305,6033898593,0,54067,6033877395,6033924191
357,0,6050847458,6050847786,0,55203,6050826530,6050874510
358,0,6067796610,6067796909,0,54319,6067775507,6067822717
359,0,6084745763,6084746074,0,54663,6084724797,6084772270
360,0,6101694915,6101695233,0,53839,6101673993,6101720546
361,0,6118644068,6118644416,0,53733,6118623190,6118669709
362,0,6135593220,6135593553,0,53991,6135572366,6135619020
363,0,6152542373,6152542724,0,56254,6152521995,6152570538
364,0,6169491525,6169491849,0,54791,6169470498,6169518201
365,0,6186440678,6186441042,0,54176,6186420117,6186466785
366,0,6203389831,6203390158,0,54037,6203368830,6203415718
367,0,6220338983,6220339343,0,56214,6220317980,6220367122
368,0,6237288136,6237288516,0,54593,6237267170,6237314603
369,0,6254237288,6254237626,0,55257,6254216251,6254264429
370,0,6271186441,6271186757,0,54849,6271165338,6271213124
371,0,6288135593,6288135949,0,53940,6288114706,6288161405
372,0,6305084746,6305085051,0,53783,6305063555,6305110384
373,0,6322033898,6322034238,0,53666,6322012748,6322059415
374,0,6338983051,6338983390,0,54139,6338962007,6339009071
375,0,6355932203,6355932517,0,55421,6355911349,6355959444
376,0,6372881356,6372881694,0,53747,6372860247,6372906974
377,0,6389830508,6389830878,0,54590,6389809691,6389857032
378,0,6406779661,6406780007,0,53395,6406758457,6406804953
379,0,6423728814,6423729158,0,53955,6423707739,6423754628
380,0,6440677966,6440678283,0,55139,6440658415,6440704976
381,0,6457627119,6457627429,0,56607,6457606560,6457655540
382,0,6474576271,6474576611,0,54934,6474555388,6474603097
383,0,6491525424,6491525765,0,55055,6491504594,6491552373
384,0,6508474576,6508474921,0,53901,6508453511,6508500355
385,0,6525423729,6525424047,0,53963,6525402843,6525449519
386,0,6542372881,6542380348,0,82627,6542374985,6542434252
387,0,6559322034,6559322813,0,119697,6559313494,6559413685
388,0,6576271186,6576271896,0,77942,6576259918,6576321017
389,0,6593220339,6593220708,0,61977,6593201930,6593254072
390,0,6610169492,6610169847,0,55932,6610148979,6610197303
391,0,6627118644,6627118981,0,54287,6627097653,6627144832
392,0,6644067797,6644068149,0,53705,6644046662,6644093361
393,0,6661016949,6661017344,0,61554,6660998586,6661050431
394,0,6677966102,6677966518,0,62159,6677947099,6678000063
395,0,6694915254,6694915672,0,79579,6694896950,6694966609
396,0,6711864407,6711864778,0,63453,6711846577,6711899692
397,0,6728813559,6728814217,0,73477,6728800470,6728859016
398,0,6745762712,6745763151,0,64829,6745744627,6745799296
399,0,6762711864,6762712299,0,81892,6762694104,6762765511
400,0,6779661017,6779661471,0,64252,6779641929,6779694714
401,0,6796610169,6796610599,0,61084,6796591270,6796643086
402,0,6813559322,6813559745,0,56118,6813538680,6813587296
403,0,6830508475,6830508842,0,54236,6830487569,6830534574
404,0,6847457627,6847457982,0,53647,6847436659,6847483134
405,0,6864406780,6864407141,0,53897,6864385807,6864432566
406,0,6881355932,6881356516,0,82438,6881336240,6881410140
407,0,6898305085,6898305406,0,54940,6898284146,6898331860
408,0,6915254237,6915254537,0,54050,6915233241,6915280120
409,0,6932203390,6932203747,0,53767,6932182470,6932229029
410,0,6949152542,6949152880,0,54024,6949131420,6949178438
411,0,6966101695,6966102053,0,54119,6966080769,6966127708
412,0,6983050847,6983051197,0,55204,6983030113,6983077963
413,0,7000000000,7000000345,0,54400,6999979352,7000026286
414,0,7016949153,7016949455,0,53778,7016928061,7016974781
415,0,7033898305,7033898614,0,53924,7033877425,7033924029
416,0,7050847458,7050847815,0,54123,7050826543,7050873456
417,0,7067796610,7067796908,0,53513,7067775448,7067821992
418,0,7084745763,7084746120,0,56087,7084725308,7084773737
419,0,7101694915,7101695293,0,55490,7101674161,7101722269
420,0,7118644068,7118644402,0,54319,7118622908,7118670241
421,0,7135593220,7135593556,0,54506,7135572095,7135619576
422,0,7152542373,7152542733,0,54129,7152521541,7152568428
423,0,7169491525,7169491850,0,53903,7169470542,7169517298
424,0,7186440678,7186441044,0,57908,7186420418,7186470378
425,0,7203389831,7203390140,0,55177,7203368965,7203416527
426,0,7220338983,7220339303,0,66097,7220318104,7220376913
427,0,7237288136,7237288446,0,53570,7237266938,7237313540
428,0,7254237288,7254237616,0,54047,7254216129,7254263180
429,0,7271186441,7271186759,0,53664,7271165345,7271211959
430,0,7288135593,7288135942,0,58363,7288116373,7288165734
431,0,7305084746,7305085086,0,55101,7305063887,7305111580
432,0,7322033898,7322034234,0,54698,7322012837,7322060444
433,0,7338983051,7338983405,0,54120,7338962186,7339009017
434,0,7355932203,7355932488,0,59277,7355916568,7355963274
435,0,7372881356,7372881688,0,53526,7372860318,7372906707
436,0,7389830508,7389830858,0,54935,7389809723,7389857293
437,0,7406779661,7406780012,0,57524,7406759764,7406809055
438,0,7423728814,7423729107,0,54847,7423707772,7423755398
439,0,7440677966,7440678350,0,53773,7440657090,7440703672
440,0,7457627119,7457627465,0,54674,7457605799,7457653692
441,0,7474576271,7474576636,0,53849,7474555364,7474602022
442,0,7491525424,7491525748,0,53594,7491504390,7491550886
443,0,7508474576,7508474933,0,58338,7508454425,7508504853
444,0,7525423729,7525445250,0,70600,7525424870,7525487318
445,0,7542372881,7542373182,0,97852,7542359510,7542442467
446,0,7559322034,7559322328,0,53592,7559300909,7559347451
447,0,7576271186,7576271470,0,54212,7576250206,7576297227
448,0,7593220339,7593220649,0,54120,7593199237,7593246321
449,0,7610169492,7610169860,0,55719,7610148976,7610197128
450,0,7627118644,7627118967,0,55002,7627098022,7627145461
451,0,7644067797,7644068084,0,53602,7644046556,7644093216
452,0,7661016949,7661017298,0,53591,7660995844,7661042447
453,0,7677966102,7677966396,0,53482,7677944961,7677991425
454,0,7694915254,7694915582,0,53704,7694894273,7694940820
455,0,7711864407,7711864759,0,56407,7711843879,7711892684
456,0,7728813559,7728813888,0,55781,7728792434,7728839210
457,0,7745762712,7745763049,0,53903,7745741891,7745788510
458,0,7762711864,7762712318,0,79247,7762692487,7762762920
459,0,7779661017,7779661373,0,53920,7779640056,7779686859
460,0,7796610169,7796610526,0,59012,7796594604,7796641079
461,0,7813559322,7813559772,0,69634,7813545475,7813600458
462,0,7830508475,7830508802,0,62840,7830489194,7830542989
463,0,7847457627,7847458070,0,71332,7847443972,7847500840
464,0,7864406780,7864407167,0,61857,7864388213,7864440350
465,0,7881355932,7881356625,0,120687,7881340902,7881448464
466,0,7898305085,7898305700,0,80093,7898292498,7898356881
467,0,7915254237,7915254850,0,72186,7915240157,7915298292
468,0,7932203390,7932204038,0,94124,7932192866,7932269403
469,0,7949152542,7949153383,0,88592,7949146489,7949213400
470,0,7966101695,7966102330,0,70563,7966085614,7966144157
471,0,7983050847,7983051174,0,58322,7983030403,7983081011
472,0,8000000000,8000000310,0,56520,7999979119,8000028352
473,0,8016949153,8016949558,0,58234,8016928837,8016979324
474,0,8033898305,8033898669,0,56644,8033877664,8033926755
475,0,8050847458,8050847794,0,55709,8050826518,8050874967
476,0,8067796610,8067796933,0,55998,8067775828,8067824403
477,0,8084745763,8084746096,0,55678,8084724850,8084773280
478,0,8101694915,8101695220,0,56126,8101674277,8101722786
479,0,8118644068,8118644441,0,57888,8118623602,8118673845
480,0,8135593220,8135594968,0,128996,8135596725,8135694365
481,0,8152542373,8152542782,0,62985,8152523538,8152577174
482,0,8169491525,8169491862,0,55202,8169470707,8169518615
483,0,8186440678,8186441018,0,53449,8186419728,8186466019
484,0,8203389831,8203390209,0,107401,8203388483,8203468906
485,0,8220338983,8220339307,0,57563,8220318552,8220368418
486,0,8237288136,8237288441,0,56242,8237268999,8237316197
487,0,8254237288,8254237646,0,54217,8254216512,8254263377
488,0,8271186441,8271186735,0,53734,8271165115,8271211972
489,0,8288135593,8288135935,0,55053,8288114697,8288162502
490,0,8305084746,8305085105,0,54056,8305063932,8305110670
491,0,8322033898,8322034204,0,53660,8322012697,8322059421
492,0,8338983051,8338983589,0,76650,8338971504,8339031649
493,0,8355932203,8355932548,0,57115,8355911498,8355961177
494,0,8372881356,8372881647,0,54089,8372860555,8372907323
495,0,8389830508,8389830828,0,55012,8389809774,8389857370
496,0,8406779661,8406780017,0,53463,8406758582,8406804984
497,0,8423728814,8423729184,0,67100,8423711983,8423767796
498,0,8440677966,8440678486,0,75089,8440665710,8440724883
499,0,8457627119,8457627959,0,73787,8457614447,8457672884
500,0,8474576271,8474576681,0,66592,8474560664,8474614516
501,0,8491525424,8491525754,0,68022,8491504480,8491565238
502,0,8508474576,8508474908,0,55274,8508453686,8508501637
503,0,8525423729,8525424075,0,54457,8525402793,8525450108
504,0,8542372881,8542373230,0,79200,8542355262,8542423847
505,0,8559322034,8559322369,0,54761,8559301251,8559348680
506,0,8576271186,8576271558,0,60186,8576256320,8576303278
507,0,8593220339,8593220677,0,53821,8593199301,8593246050
508,0,8610169492,8610169863,0,53794,8610148631,8610195152
509,0,8627118644,8627118965,0,53898,8627097841,8627144395
510,0,8644067797,8644068126,0,55962,8644047482,8644095606
511,0,8661016949,8661017283,0,55217,8660996212,8661044077
512,0,8677966102,8677966427,0,54212,8677945040,8677992133
513,0,8694915254,8694915543,0,54101,8694894099,8694941189
514,0,8711864407,8711864743,0,54210,8711843634,8711890493
515,0,8728813559,8728813881,0,53472,8728792468,8728838955
516,0,8745762712,8745763056,0,56605,8745742289,8745791183
517,0,8762711864,8762712188,0,54283,8762690868,8762738026
518,0,8779661017,8779661401,0,54912,8779640263,8779687893
519,0,8796610169,8796610477,0,54324,8796589166,8796636335
520,0,8813559322,8813559625,0,56593,8813538282,8813585304
521,0,8830508475,8830508764,0,54352,8830487619,8830534599
522,0,8847457627,8847457993,0,58188,8847437536,8847487734
523,0,8864406780,8864407141,0,54560,8864385718,8864433257
524,0,8881355932,8881356304,0,68951,8881335389,8881396683
525,0,8898305085,8898305382,0,53928,8898284086,8898330838
526,0,8915254237,8915254539,0,54383,8915233349,8915280432
527,0,8932203390,8932203701,0,53603,8932182198,8932228814
528,0,8949152542,8949153232,0,82343,8949136425,8949206967
529,0,8966101695,8966102290,0,70549,8966087030,8966144246
530,0,8983050847,8983051681,0,72649,8983037219,8983095490
531,0,9000000000,9000000887,0,62808,8999981969,9000035045
532,0,9016949153,9016949564,0,59360,9016929239,9016980356
533,0,9033898305,9033898674,0,57332,9033878365,9033927499
534,0,9050847458,9050847833,0,54445,9050826539,9050873808
535,0,9067796610,9067797374,0,74789,9067784949,9067843602
536,0,9084745763,9084746093,0,56913,9084725262,9084774512
537,0,9101694915,9101695267,0,54298,9101673973,9101721100
538,0,9118644068,9118644351,0,53992,9118623056,9118669897
539,0,9135593220,9135593538,0,53899,9135572197,9135618907
540,0,9152542373,9152542703,0,54377,9152521522,9152568670
541,0,9169491525,9169491861,0,55696,9169470721,9169519119
542,0,9186440678,9186440980,0,54073,9186419702,9186466591
543,0,9203389831,9203390190,0,54284,9203369050,9203415986
544,0,9220338983,9220339298,0,56519,9220317947,9220367412
545,0,9237288136,9237288496,0,54140,9237267357,9237314181
546,0,9254237288,9254237604,0,53937,9254216171,9254263093
547,0,9271186441,9271186799,0,54401,9271165598,9271212699
548,0,9288135593,9288135938,0,54076,9288114765,9288161569
549,0,9305084746,9305085072,0,54134,9305063761,9305110760
550,0,9322033898,9322034213,0,56076,9322014815,9322061840
551,0,9338983051,9338983368,0,53577,9338961883,9339008484
552,0,9355932203,9355932561,0,54142,9355911323,9355958168
553,0,9372881356,9372881672,0,55359,9372860650,9372908590
554,0,9389830508,9389830961,0,74367,9389817533,9389876726
555,0,9406779661,9406780495,0,74305,9406768074,9406826112
556,0,9423728814,9423729308,0,79048,9423717491,9423779528
557,0,9440677966,9440678369,0,62884,9440660450,9440712616
558,0,9457627119,9457627464,0,54875,9457606067,9457653797
559,0,9474576271,9474576647,0,58613,9474556182,9474606797
560,0,9491525424,9491525749,0,54499,9491504379,9491551806
561,0,9508474576,9508474925,0,59628,9508459335,9508506049
562,0,9525423729,9525424036,0,53672,9525402597,9525449275
563,0,9542372881,9542373179,0,58532,9542354619,9542403121
564,0,9559322034,9559322325,0,54271,9559301001,9559348103
565,0,9576271186,9576271539,0,57969,9576251220,9576301065
566,0,9593220339,9593220684,0,54925,9593199368,9593247168
567,0,9610169492,9610169866,0,53857,9610148618,9610195265
568,0,9627118644,9627118971,0,53717,9627097467,9627144215
569,0,9644067797,9644068153,0,59218,9644051372,9644098910
570,0,9661016949,9661017297,0,53826,9660995850,9661042666
571,0,9677966102,9677966463,0,54856,9677945185,9677992828
572,0,9694915254,9694915593,0,55054,9694894374,9694942215
573,0,9711864407,9711864748,0,54343,9711843531,9711890637
574,0,9728813559,9728813863,0,53437,9728792500,9728838854
575,0,9745762712,9745763060,0,54804,9745742218,9745789424
576,0,9762711864,9762712184,0,54336,9762690918,9762738037
577,0,9779661017,9779661516,0,88392,9779642295,9779721267
578,0,9796610169,9796610561,0,55252,9796589590,9796637367
579,0,9813559322,9813559606,0,53663,9813538192,9813584839
580,0,9830508475,9830508773,0,53391,9830487324,9830533729
581,0,9847457627,9847457932,0,54438,9847437192,9847483950
582,0,9864406780,9864407096,0,53677,9864385811,9864432337
583,0,9881355932,9881356259,0,66574,9881334866,9881394261
584,0,9898305085,9898305446,0,55239,9898284250,9898332215
585,0,9915254237,9915254556,0,53989,9915233311,9915280108
586,0,9932203390,9932203782,0,53744,9932182478,9932229055
587,0,9949152542,9949152886,0,54128,9949131231,9949178666
588,0,9966101695,9966102015,0,53942,9966080986,9966127529
589,0,9983050847,9983051169,0,53551,9983029780,9983076270
590,0,10000000000,10000000338,0,54991,9999979167,10000026842
591,0,10016949153,10016949513,0,53961,10016928087,10016974974
592,0,10033898305,10033898659,0,57148,10033877389,10033924725
593,0,10050847458,10050847801,0,53600,10050826538,10050872944
594,0,10067796610,10067796984,0,55849,10067776260,10067824365
595,0,10084745763,10084746796,0,84762,10084739180,10084802792
596,0,10101694915,10101695713,0,76774,10101684171,10101743420
597,0,10118644068,10118644550,0,61086,10118624772,10118677066
598,0,10135593220,10135593978,0,72306,10135579982,10135637582
599,0,10152542373,10152542793,0,62351,10152524138,10152576584
600,0,10169491525,10169491962,0,62113,10169473261,10169525568
601,0,10186440678,10186441057,0,58043,10186420072,10186470643
602,0,10203389831,10203401784,0,76475,10203383308,10203449691
603,0,10220338983,10220339320,0,58752,10220318245,10220369662
604,0,10237288136,10237288454,0,54813,10237267469,10237314771
605,0,10254237288,10254237569,0,53799,10254216542,10254262946
606,0,10271186441,10271186819,0,53503,10271165475,10271211856
607,0,10288135593,10288135955,0,55402,10288115084,10288162876
608,0,10305084746,10305085162,0,58671,10305064979,10305115414
609,0,10322033898,10322034263,0,58291,10322013470,10322064097
610,0,10338983051,10338983493,0,73683,10338970035,10339028450
611,0,10355932203,10355932882,0,73809,10355919082,10355978132
612,0,10372881356,10372881776,0,71373,10372866487,10372924392
613,0,10389830508,10389830858,0,56098,10389810061,10389858467
614,0,10406779661,10406780064,0,62101,10406761152,10406813659
615,0,10423728814,10423729134,0,56051,10423707971,10423756714
616,0,10440677966,10440678328,0,53990,10440656880,10440703858
617,0,10457627119,10457627425,0,54777,10457606446,10457653731
618,0,10474576271,10474576645,0,54209,10474555269,10474602342
619,0,10491525424,10491525753,0,53988,10491504411,10491551266
620,0,10508474576,10508474947,0,55516,10508453932,10508501993
621,0,10525423729,10525424053,0,54525,10525402884,10525450077
622,0,10542372881,10542373219,0,63132,10542360204,10542407865
623,0,10559322034,10559322334,0,54074,10559301089,10559347942
624,0,10576271186,10576271502,0,54127,10576250084,10576297127
625,0,10593220339,10593220635,0,54278,10593199353,10593246472
626,0,10610169492,10610169868,0,58063,10610149825,10610199483
627,0,10627118644,10627118955,0,54891,10627097808,10627145413
628,0,10644067797,10644068140,0,54687,10644046705,10644094366
629,0,10661016949,10661017326,0,54573,10660996048,10661043419
630,0,10677966102,10677966426,0,53900,10677945064,10677991873
631,0,10694915254,10694915567,0,54182,10694894224,10694941235
632,0,10711864407,10711864773,0,54345,10711843419,10711890627
633,0,10728813559,10728813876,0,54624,10728792389,10728840013
634,0,10745762712,10745763056,0,54474,10745741703,10745789017
635,0,10762711864,10762712183,0,53967,10762690881,10762737634
636,0,10779661017,10779661361,0,54245,10779640250,10779687103
637,0,10796610169,10796610520,0,55105,10796589344,10796637128
638,0,10813559322,10813559628,0,54061,10813538400,10813585173
639,0,10830508475,10830508832,0,55281,10830487744,10830535662
640,0,10847457627,10847457967,0,54705,10847436699,10847484163
641,0,10864406780,10864407115,0,53968,10864385755,10864432596
642,0,10881355932,10881356241,0,55785,10881334909,10881383571
643,0,10898305085,10898305469,0,54759,10898284139,10898331774
644,0,10915254237,10915254556,0,53406,10915233082,10915279456
645,0,10932203390,10932203716,0,54223,10932182612,10932229478
646,0,10949152542,10949153047,0,70333,10949137546,10949194841
647,0,10966101695,10966102145,0,70201,10966086837,10966143687
648,0,10983050847,10983051507,0,72714,10983037328,10983095456
649,0,11000000000,11000000422,0,69061,10999985133,11000040809
650,0,11016949153,11016949436,0,56158,11016928464,11016977122
651,0,11033898305,11033898736,0,59758,11033879173,11033930021
652,0,11050847458,11050847805,0,55945,11050826739,11050875229
653,0,11067796610,11067796988,0,56121,11067776377,11067824681
654,0,11084745763,11084746079,0,54495,11084724784,11084772121
655,0,11101694915,11101695232,0,59640,11101679767,11101726422
656,0,11118644068,11118644350,0,54035,11118622981,11118669901
657,0,11135593220,11135593574,0,55774,11135572456,11135620870
658,0,11152542373,11152542694,0,53827,11152521253,11152568046
659,0,11169491525,11169491851,0,53980,11169470579,11169517349
660,0,11186440678,11186441002,0,54158,11186419741,11186466757
661,0,11203389831,11203390271,0,56341,11203370372,11203418047
662,0,11220338983,11220339414,0,92739,11220322148,11220403452
663,0,11237288136,11237288719,0,70242,11237273828,11237330381
664,0,11254237288,11254237783,0,73278,11254223969,11254282356
665,0,11271186441,11271186890,0,70072,11271172010,11271228291
666,0,11288135593,11288135981,0,68027,11288120176,11288175464
667,0,11305084746,11305085055,0,59587,11305064639,11305116189
668,0,11322033898,11322034245,0,56044,11322013123,11322061797
669,0,11338983051,11338983703,0,70291,11338969401,11339025398
670,0,11355932203,11355932536,0,56889,11355911441,11355960839
671,0,11372881356,11372881707,0,54045,11372860823,11372907313
672,0,11389830508,11389830864,0,56911,11389809546,11389857059
673,0,11406779661,11406779995,0,54257,11406758828,11406805752
674,0,11423728814,11423729102,0,54687,11423708218,11423755312
675,0,11440677966,11440678349,0,55104,11440657178,11440705098
676,0,11457627119,11457627708,0,75825,11457615024,11457674736
677,0,11474576271,11474576939,0,77529,11474565402,11474625835
678,0,11491525424,11491525876,0,83873,11491521339,11491581065
679,0,11508474576,11508475170,0,71049,11508461042,11508517720
680,0,11525423729,11525424033,0,55669,11525402658,11525451266
681,0,11542372881,11542373292,0,61578,11542355631,11542406281
682,0,11559322034,11559322360,0,54522,11559301042,11559348389
683,0,11576271186,11576271529,0,53787,11576250230,11576296841
684,0,11593220339,11593220648,0,53764,11593199351,11593245923
685,0,11610169492,11610169877,0,54582,11610148766,11610195956
686,0,11627118644,11627118977,0,53694,11627097492,11627144288
687,0,11644067797,11644068157,0,59613,11644048050,11644099364
688,0,11661016949,11661017288,0,56067,11660996058,11661044889
689,0,11677966102,11677966422,0,53855,11677945186,11677991812
690,0,11694915254,11694915591,0,54429,11694894168,11694941598
691,0,11711864407,11711864768,0,53691,11711843323,11711889990
692,0,11728813559,11728813887,0,53835,11728792441,11728839269
693,0,11745762712,11745763035,0,53857,11745741684,11745788458
694,0,11762711864,11762712231,0,61236,11762693555,11762744935
695,0,11779661017,11779661358,0,55114,11779640086,11779687973
696,0,11796610169,11796610751,0,94454,11796591216,11796676524
697,0,11813559322,11813559630,0,54485,11813538586,11813585662
698,0,11830508475,11830508743,0,59422,11830493074,11830539701
699,0,11847457627,11847468077,0,67406,11847446680,11847507003
700,0,11864406780,11864407128,0,57309,11864387202,11864435971
701,0,11881355932,11881356211,0,60685,11881335178,11881388342
702,0,11898305085,11898305382,0,55541,11898285605,11898332437
703,0,11915254237,11915254541,0,54453,11915233035,11915280521
704,0,11932203390,11932203693,0,54048,11932182472,11932229273
705,0,11949152542,11949152874,0,53965,11949131508,11949178368
706,0,11966101695,11966102180,0,129667,11966092437,11966203126
707,0,11983050847,11983051490,0,96005,11983040103,11983118638
708,0,12000000000,12000000790,0,77420,11999989144,12000049014
709,0,12016949153,12016949630,0,70859,12016934605,12016991800
710,0,12033898305,12033898627,0,55617,12033877298,12033925696
711,0,12050847458,12050847781,0,53978,12050826446,12050873212
712,0,12067796610,12067796954,0,54013,12067775585,12067822516
713,0,12084745763,12084746092,0,55888,12084725388,12084773584
714,0,12101694915,12101695377,0,82089,12101675583,12101748736
715,0,12118644068,12118644385,0,54456,12118622849,12118670422
716,0,12135593220,12135593569,0,53983,12135572468,12135619122
717,0,12152542373,12152542688,0,53854,12152521338,12152568074
718,0,12169491525,12169491875,0,54942,12169470919,12169518324
719,0,12186440678,12186441019,0,55151,12186419874,12186467721
720,0,12203389831,12203390143,0,54214,12203368700,12203415939
721,0,12220338983,12220339293,0,56016,12220318028,12220366878
722,0,12237288136,12237288484,0,53847,12237267311,12237313835
723,0,12254237288,12254237581,0,53564,12254216287,12254262626
724,0,12271186441,12271186791,0,54572,12271165486,12271212860
725,0,12288135593,12288135895,0,54718,12288114614,12288162071
726,0,12305084746,12305085010,0,53842,12305063734,12305110373
727,0,12322033898,12322034213,0,53777,12322012940,12322059552
728,0,12338983051,12338983343,0,53830,12338961792,12339008704
729,0,12355932203,12355932739,0,65094,12355916170,12355969266
730,0,12372881356,12372881895,0,70796,12372867575,12372924007
731,0,12389830508,12389831297,0,79068,12389820602,12389881716
732,0,12406779661,12406780201,0,61984,12406760575,12406813687
733,0,12423728814,12423729901,0,137265,12423725258,12423838115
734,0,12440677966,12440678585,0,119932,12440672139,12440769433
735,0,12457627119,12457627925,0,113163,12457619522,12457698227
736,0,12474576271,12474577309,0,82214,12474568329,12474630659
737,0,12491525424,12491525871,0,61309,12491505404,12491558453
738,0,12508474576,12508474888,0,55617,12508453819,12508502035
739,0,12525423729,12525424028,0,54769,12525402715,12525450361
740,0,12542372881,12542373241,0,57656,12542354052,12542402388
741,0,12559322034,12559322317,0,54471,12559301096,12559348360
742,0,12576271186,12576271535,0,55915,12576250438,12576299008
743,0,12593220339,12593220650,0,55008,12593199381,12593247216
744,0,12610169492,12610169873,0,55055,12610148774,12610196475
745,0,12627118644,12627118969,0,53846,12627097705,12627144395
746,0,12644067797,12644068120,0,53568,12644046789,12644093221
747,0,12661016949,12661017256,0,53551,12660995714,12661042388
748,0,12677966102,12677966486,0,54031,12677945490,12677992104
749,0,12694915254,12694916176,0,74806,12694905255,12694962357
750,0,12711864407,12711865246,0,80974,12711855428,12711917506
751,0,12728813559,12728814302,0,80433,12728804341,12728866034
752,0,12745762712,12745763031,0,56193,12745741611,12745790692
753,0,12762711864,12762712206,0,56455,12762690999,12762740257
754,0,12779661017,12779661365,0,55518,12779640110,12779688399
755,0,12796610169,12796610567,0,57938,12796589601,12796640019
756,0,12813559322,12813559856,0,91666,12813540755,12813622775
757,0,12830508475,12830508797,0,56734,12830487717,12830537077
758,0,12847457627,12847457975,0,55714,12847436693,12847485218
759,0,12864406780,12864407090,0,54031,12864385748,12864432686
760,0,12881355932,12881356245,0,58824,12881334845,12881384541
761,0,12898305085,12898305423,0,56615,12898285491,12898333581
762,0,12915254237,12915254603,0,54967,12915233294,12915281116
763,0,12932203390,12932203721,0,54821,12932182395,12932230094
764,0,12949152542,12949152852,0,54267,12949131679,12949178674
765,0,12966101695,12966102043,0,53775,12966080743,12966127379
766,0,12983050847,12983051133,0,54377,12983029878,12983077046
767,0,13000000000,13000000361,0,58174,12999979977,13000029979
768,0,13016949153,13016949478,0,54819,13016928097,13016975808
769,0,13033898305,13033898648,0,54409,13033877518,13033924612
770,0,13050847458,13050847768,0,53858,13050826485,13050873178
771,0,13067796610,13067796957,0,54278,13067775626,13067822742
772,0,13084745763,13084746097,0,59425,13084730113,13084777064
773,0,13101694915,13101695270,0,57665,13101675321,13101724473
774,0,13118644068,13118644795,0,77808,13118633058,13118693831
775,0,13135593220,13135593895,0,74369,13135580065,13135639410
776,0,13152542373,13152542864,0,93826,13152529822,13152607931
777,0,13169491525,13169492014,0,67407,13169475244,13169530562
778,0,13186440678,13186440990,0,55891,13186419774,13186468323
779,0,13203389831,13203390184,0,61043,13203370748,13203422744
780,0,13220338983,13220339312,0,57176,13220318093,13220368021
781,0,13237288136,13237288494,0,54692,13237267273,13237314772
782,0,13254237288,13254237627,0,54222,13254216248,13254263348
783,0,13271186441,13271186754,0,54227,13271165459,13271212483
784,0,13288135593,13288135964,0,56215,13288115258,13288163728
785,0,13305084746,13305085118,0,57566,13305064616,13305114225
786,0,13322033898,13322034278,0,56081,13322013476,13322061872
787,0,13338983051,13338983374,0,54044,13338961917,13339008982
788,0,13355932203,13355932522,0,54703,13355911124,13355958712
789,0,13372881356,13372881687,0,69217,13372874974,13372922396
790,0,13389830508,13389830813,0,53527,13389809624,13389855876
791,0,13406779661,13406780011,0,55442,13406758856,13406807031
792,0,13423728814,13423729176,0,56354,13423708974,13423757063
793,0,13440677966,13440678309,0,54515,13440657376,13440704345
794,0,13457627119,13457627432,0,54399,13457606064,13457653353
795,0,13474576271,13474576606,0,54323,13474555431,13474602453
796,0,13491525424,13491525863,0,65355,13491508837,13491562668
797,0,13508474576,13508474978,0,151584,13508456973,13508597946
798,0,13525423729,13525424576,0,111107,13525439869,13525506684
799,0,13542372881,13542373719,0,415194,13542377591,13542760114
800,0,13559322034,13559322894,0,104988,13559317968,13559398859
801,0,13576271186,13576272172,0,91795,13576267177,13576335197
802,0,13593220339,13593221066,0,80594,13593209993,13593272928
803,0,13610169492,13610170033,0,91680,13610152231,13610232927
804,0,13627118644,13627119450,0,99695,13627105587,13627190179
805,0,13644067797,13644068207,0,60558,13644048386,13644099795
806,0,13661016949,13661017266,0,55805,13660996070,13661044552
807,0,13677966102,13677966377,0,54778,13677945057,13677992704
808,0,13694915254,13694915557,0,54472,13694894194,13694941572
809,0,13711864407,13711864717,0,56233,13711843944,13711892444
810,0,13728813559,13728813937,0,60679,13728794373,13728846081
811,0,13745762712,13745763008,0,56282,13745742013,13745790841
812,0,13762711864,13762712180,0,54114,13762690713,13762737755
813,0,13779661017,13779661318,0,54075,13779640298,13779686936
814,0,13796610169,13796610468,0,54378,13796589147,13796636344
815,0,13813559322,13813559648,0,60478,13813544369,13813591685
816,0,13830508475,13830508787,0,54854,13830487518,13830535151
817,0,13847457627,13847457899,0,54080,13847436522,13847483519
818,0,13864406780,13864407104,0,54358,13864385748,13864432953
819,0,13881355932,13881356236,0,56374,13881334748,13881384227
820,0,13898305085,13898305390,0,53953,13898284019,13898330848
821,0,13915254237,13915254527,0,53972,13915233279,13915280002
822,0,13932203390,13932203736,0,57086,13932183254,13932232376
823,0,13949152542,13949152907,0,55539,13949131674,13949179983
824,0,13966101695,13966102024,0,54229,13966080435,13966127831
825,0,13983050847,13983051154,0,54123,13983029968,13983076788
826,0,14000000000,14000000360,0,56260,13999979490,14000028123
827,0,14016949153,14016949479,0,53799,14016928030,14016974785
828,0,14033898305,14033898670,0,55659,14033877905,14033925936
829,0,14050847458,14050847790,0,54901,14050826303,14050874222
830,0,14067796610,14067796932,0,53681,14067775649,14067822138
831,0,14084745763,14084746080,0,54002,14084724696,14084771680
832,0,14101694915,14101695260,0,53985,14101674006,14101720826
833,0,14118644068,14118644376,0,53925,14118623118,14118669841
834,0,14135593220,14135593575,0,55268,14135572440,14135620322
835,0,14152542373,14152542736,0,56798,14152521917,14152571061
836,0,14169491525,14169491825,0,53890,14169470387,14169517227
837,0,14186440678,14186441020,0,53894,14186419597,14186466461
838,0,14203389831,14203390164,0,54418,14203369004,14203416151
839,0,14220338983,14220339356,0,56689,14220318141,14220367580
840,0,14237288136,14237288650,0,66059,14237272827,14237326256
841,0,14254237288,14254238004,0,123121,14254225251,14254332457
842,0,14271186441,14271187216,0,74971,14271173581,14271233373
843,0,14288135593,14288136173,0,74827,14288122997,14288182304
844,0,14305084746,14305085161,0,57188,14305063922,14305113798
845,0,14322033898,14322034260,0,54199,14322013171,14322059999
846,0,14338983051,14338983420,0,59244,14338962752,14339014223
847,0,14355932203,14355932546,0,55896,14355911316,14355959998
848,0,14372881356,14372881683,0,54063,14372860357,14372907242
849,0,14389830508,14389830812,0,53713,14389809490,14389856026
850,0,14406779661,14406780027,0,54238,14406758835,14406805777
851,0,14423728814,14423729142,0,54106,14423707857,14423754770
852,0,14440677966,14440678341,0,54448,14440657161,14440704360
853,0,14457627119,14457627466,0,55110,14457606242,14457654114
854,0,14474576271,14474576585,0,54075,14474555272,14474602186
855,0,14491525424,14491525736,0,55109,14491504461,14491552405
856,0,14508474576,14508474894,0,53863,14508453406,14508500286
857,0,14525423729,14525424052,0,53994,14525403116,14525449585
858,0,14542372881,14542373176,0,65770,14542353582,14542410363
859,0,14559322034,14559322340,0,58457,14559301763,14559351769
860,0,14576271186,14576271523,0,57384,14576250098,14576297312
861,0,14593220339,14593220663,0,54912,14593199488,14593247108
862,0,14610169492,14610169792,0,53898,14610148496,14610195215
863,0,14627118644,14627118932,0,53795,14627097553,14627144338
864,0,14644067797,14644076381,0,87371,14644069103,14644134856
865,0,14661016949,14661017813,0,88036,14661010548,14661077124
866,0,14677966102,14677966956,0,93789,14677962784,14678031789
867,0,14694915254,14694916049,0,85033,14694908169,14694972500
868,0,14711864407,14711865010,0,81741,14711846675,14711917727
869,0,14728813559,14728813877,0,60228,14728794594,14728845652
870,0,14745762712,14745763079,0,56732,14745741937,14745791406
871,0,14762711864,14762712347,0,68986,14762695763,14762752625
872,0,14779661017,14779661329,0,61730,14779641408,14779694422
873,0,14796610169,14796610460,0,56532,14796589622,14796638490
874,0,14813559322,14813559709,0,55268,14813538808,14813586494
875,0,14830508475,14830509008,0,84469,14830489568,14830564744
876,0,14847457627,14847457932,0,55306,14847436864,14847484783
877,0,14864406780,14864407143,0,56314,14864386228,14864434977
878,0,14881355932,14881356252,0,60029,14881334855,14881387797
879,0,14898305085,14898305382,0,54093,14898284159,14898331012
880,0,14915254237,14915254553,0,54054,14915233224,14915280119
881,0,14932203390,14932203708,0,54869,14932182621,14932230106
882,0,14949152542,14949152880,0,53950,14949131603,14949178384
883,0,14966101695,14966102045,0,54442,14966080562,14966128030
884,0,14983050847,14983051181,0,53918,14983029845,14983076591
885,0,15000000000,15000000353,0,54115,14999978960,15000026021
886,0,15016949153,15016949498,0,53861,15016928155,15016974916
887,0,15033898305,15033899044,0,73068,15033886020,15033943490
888,0,15050847458,15050847971,0,74988,15050834753,15050894242
889,0,15067796610,15067797416,0,87966,15067790840,15067856620
890,0,15084745763,15084746802,0,100772,15084744500,15084818553
891,0,15101694915,15101695363,0,63761,15101676894,15101730533
892,0,15118644068,15118644423,0,56523,15118623469,15118672494
893,0,15135593220,15135593532,0,54035,15135572410,15135619090
894,0,15152542373,15152542680,0,56739,15152524354,15152570922
895,0,15169491525,15169491927,0,58299,15169470917,15169521771
896,0,15186440678,15186441043,0,57175,15186419983,15186469739
897,0,15203389831,15203390193,0,55871,15203368989,15203417586
898,0,15220338983,15220339294,0,56805,15220317930,15220367694
899,0,15237288136,15237288483,0,54757,15237267240,15237314822
900,0,15254237288,15254237587,0,54994,15254216390,15254264104
901,0,15271186441,15271186744,0,53679,15271165514,15271211927
902,0,15288135593,15288135915,0,59001,15288116023,15288166444
903,0,15305084746,15305085055,0,55349,15305063684,15305111930
904,0,15322033898,15322034225,0,54077,15322012907,15322059809
905,0,15338983051,15338983338,0,54112,15338962206,15339009002
906,0,15355932203,15355932530,0,53971,15355911207,15355958033
907,0,15372881356,15372881665,0,53778,15372860235,15372906975
908,0,15389830508,15389830835,0,58896,15389811416,15389861257
909,0,15406779661,15406780008,0,54195,15406758670,15406805744
910,0,15423728814,15423729166,0,54622,15423707969,15423755318
911,0,15440677966,15440678315,0,53797,15440656910,15440703688
912,0,15457627119,15457627453,0,54712,15457606198,15457653652
913,0,15474576271,15474576618,0,53871,15474555306,15474602037
914,0,15491525424,15491525822,0,55537,15491504873,15491552859
915,0,15508474576,15508474942,0,53977,15508453526,15508500427
916,0,15525423729,15525424016,0,54205,15525402787,15525449724
917,0,15542372881,15542373218,0,55957,15542353559,15542400717
918,0,15559322034,15559322379,0,53997,15559301249,15559347930
919,0,15576271186,15576271499,0,53801,15576250016,15576296809
920,0,15593220339,15593220732,0,55006,15593199427,15593247261
921,0,15610169492,15610169823,0,54715,15610148364,15610196040
922,0,15627118644,15627118946,0,53433,15627097588,15627143953
923,0,15644067797,15644068101,0,54063,15644046672,15644093709
924,0,15661016949,15661017272,0,54247,15660995933,15661043006
925,0,15677966102,15677966592,0,69478,15677951722,15678007456
926,0,15694915254,15694915922,0,74880,15694902973,15694962047
927,0,15711864407,15711864982,0,94123,15711854057,15711930333
928,0,15728813559,15728814077,0,70850,15728799080,15728855930
929,0,15745762712,15745763038,0,57846,15745742529,15745792257
930,0,15762711864,15762712225,0,54128,15762690944,15762737874
931,0,15779661017,15779661479,0,63152,15779642924,15779696155
932,0,15796610169,15796611452,0,116475,15796604049,15796698773
933,0,15813559322,15813560106,0,78581,15813548642,15813609979
934,0,15830508475,15830508837,0,64672,15830490588,15830544819
935,0,15847457627,15847458343,0,77643,15847448612,15847507106
936,0,15864406780,15864407317,0,62325,15864387994,15864441021
937,0,15881355932,15881356277,0,61313,15881335802,15881389110
938,0,15898305085,15898305450,0,58090,15898284873,15898335063
939,0,15915254237,15915254573,0,59766,15915234557,15915285775
940,0,15932203390,15932203739,0,58418,15932183217,15932233693
941,0,15949152542,15949152851,0,55554,15949131950,15949179961
942,0,15966101695,15966102050,0,53900,15966080793,15966127529
943,0,15983050847,15983051139,0,54335,15983029812,15983077032
944,0,16000000000,16000000348,0,54857,15999979238,16000026717
945,0,16016949153,16016949499,0,56469,16016928641,16016977456
946,0,16033898305,16033898646,0,55127,16033877329,16033925354
947,0,16050847458,16050847754,0,54321,16050826482,16050873652
948,0,16067796610,16067796944,0,53925,16067775535,16067822440
949,0,16084745763,16084746046,0,53632,16084724569,16084771207
950,0,16101694915,16101695243,0,53992,16101674178,16101720764
951,0,16118644068,16118644398,0,55672,16118623409,16118671614
952,0,16135593220,16135593581,0,53953,16135572229,16135619059
953,0,16152542373,16152542710,0,54402,16152522126,16152568667
954,0,16169491525,16169491882,0,54468,16169470625,16169517915
955,0,16186440678,16186440981,0,53794,16186419496,16186466351
956,0,16203389831,16203390171,0,53436,16203368740,16203415162
957,0,16220338983,16220339334,0,80863,16220318215,16220391605
958,0,16237288136,16237288507,0,54666,16237267459,16237314736
959,0,16254237288,16254237624,0,54480,16254216158,16254263638
960,0,16271186441,16271186779,0,54205,16271165441,16271212510
961,0,16288135593,16288135903,0,54022,16288114553,16288161467
962,0,16305084746,16305085051,0,53069,16305063445,16305109678
963,0,16322033898,16322034268,0,55041,16322013094,16322060897
964,0,16338983051,16338983373,0,54606,16338962029,16339009532
965,0,16355932203,16355932515,0,54014,16355911205,16355958069
966,0,16372881356,16372881718,0,54195,16372860353,16372907341
967,0,16389830508,16389830832,0,54590,16389809455,16389856967
968,0,16406779661,16406780016,0,53957,16406758568,16406805533
969,0,16423728814,16423729197,0,56011,16423708509,16423756776
970,0,16440677966,16440678334,0,54621,16440657248,16440704498
971,0,16457627119,16457627408,0,55307,16457606026,16457654250
972,0,16474576271,16474576593,0,57334,16474555254,16474601955
973,0,16491525424,16491525725,0,58374,16491509196,16491555645
974,0,16508474576,16508474909,0,54478,16508453567,16508500878
975,0,16525423729,16525424077,0,55912,16525403046,16525451544
976,0,16542372881,16542373217,0,58664,16542354243,16542403279
977,0,16559322034,16559322385,0,54589,16559301068,16559348489
978,0,16576271186,16576271496,0,54634,16576250317,16576297658
979,0,16593220339,16593220675,0,54005,16593199397,16593246191
980,0,16610169492,16610169832,0,54313,16610148538,16610195691
981,0,16627118644,16627118971,0,58214,16627099067,16627148740
982,0,16644067797,16644068139,0,55142,16644047143,16644094795
983,0,16661016949,16661017315,0,54452,16660996123,16661043347
984,0,16677966102,16677966429,0,53694,16677945050,16677991652
985,0,16694915254,16694915598,0,54385,16694894568,16694941515
986,0,16711864407,16711864774,0,54127,16711843506,16711890414
987,0,16728813559,16728814047,0,93994,16728794913,16728879130
988,0,16745762712,16745763128,0,55664,16745742303,16745790264
989,0,16762711864,16762712190,0,58638,16762695760,16762742363
990,0,16779661017,16779661312,0,54041,16779640118,16779686970
991,0,16796610169,16796610483,0,53934,16796589052,16796635957
992,0,16813559322,16813559631,0,53785,16813538292,16813584934
993,0,16830508475,16830508842,0,54593,16830487533,16830534950
994,0,16847457627,16847458225,0,90126,16847439401,16847519558
995,0,16864406780,16864407393,0,78290,16864396604,16864457089
996,0,16881355932,16881356894,0,75982,16881344164,16881404112
997,0,16898305085,16898305636,0,78840,16898293662,16898355775
998,0,16915254237,16915254565,0,57727,16915233743,16915283719
999,0,16932203390,16932203931,0,69050,16932188703,16932244447
1000,0,16949152542,16949153014,0,70077,16949137633,16949194388
1001,0,16966101695,16966102283,0,70740,16966086611,16966144407
1002,0,16983050847,16983051417,0,65205,16983033531,16983087965
1003,0,17000000000,17000000328,0,62074,16999979787,17000033887
1004,0,17016949153,17016949504,0,59451,17016928757,17016980473
1005,0,17033898305,17033898649,0,57282,17033877516,17033927447
1006,0,17050847458,17050848040,0,69647,17050832764,17050888928
1007,0,17067796610,17067796953,0,56563,17067775545,17067824903
1008,0,17084745763,17084746105,0,56715,17084727452,17084774320
1009,0,17101694915,17101695265,0,54277,17101673871,17101721064
1010,0,17118644068,17118644428,0,53986,17118623214,17118669953
1011,0,17135593220,17135593566,0,60972,17135578551,17135626061
1012,0,17152542373,17152542704,0,55407,17152521395,17152569650
1013,0,17169491525,17169491845,0,55350,17169470766,17169518699
1014,0,17186440678,17186441006,0,54364,17186420061,17186466884
1015,0,17203389831,17203390167,0,54035,17203368823,17203415792
1016,0,17220338983,17220339287,0,65909,17220317907,17220376747
1017,0,17237288136,17237288444,0,53767,17237267069,17237313748
1018,0,17254237288,17254237611,0,55358,17254216504,17254264476
1019,0,17271186441,17271186743,0,54184,17271165459,17271212437
1020,0,17288135593,17288135956,0,54211,17288114821,17288161681
1021,0,17305084746,17305085047,0,53791,17305063685,17305110393
1022,0,17322033898,17322034210,0,54096,17322012821,17322059828
1023,0,17338983051,17338983364,0,53753,17338961827,17339008594
1024,0,17355932203,17355932527,0,54940,17355911377,17355958991
1025,0,17372881356,17372881691,0,54496,17372860386,17372907678
1026,0,17389830508,17389830859,0,53713,17389809494,17389856146
1027,0,17406779661,17406779970,0,53920,17406758701,17406805478
1028,0,17423728814,17423729138,0,54285,17423707852,17423754935
1029,0,17440677966,17440678258,0,53635,17440656792,17440703415
1030,0,17457627119,17457627499,0,55122,17457606505,17457654119
1031,0,17474576271,17474576597,0,54614,17474555245,17474602708
1032,0,17491525424,17491525709,0,54066,17491504449,17491551247
1033,0,17508474576,17508474892,0,54233,17508453752,17508500588
1034,0,17525423729,17525424039,0,57804,17525406577,17525453368
1035,0,17542372881,17542373201,0,55876,17542353737,17542400631
1036,0,17559322034,17559322343,0,54473,17559301052,17559348314
1037,0,17576271186,17576271470,0,53806,17576250146,17576296843
1038,0,17593220339,17593220638,0,54017,17593199274,17593246195
1039,0,17610169492,17610169803,0,54156,17610148443,17610195496
1040,0,17627118644,17627118941,0,53625,17627097516,17627144137
1041,0,17644067797,17644068080,0,53934,17644046514,17644093556
1042,0,17661016949,17661017275,0,57675,17660999380,17661046489
1043,0,17677966102,17677966402,0,54961,17677945330,17677992873
1044,0,17694915254,17694915569,0,54485,17694894191,17694941574
1045,0,17711864407,17711864777,0,54838,17711843644,17711891166
1046,0,17728813559,17728813879,0,54278,17728792723,17728839673
1047,0,17745762712,17745763002,0,54067,17745741776,17745788662
1048,0,17762711864,17762712165,0,58623,17762690660,17762742016
1049,0,17779661017,17779661349,0,55213,17779640732,17779688132
1050,0,17796610169,17796610489,0,54830,17796589347,17796636864
1051,0,17813559322,17813559696,0,54037,17813538367,17813585276
1052,0,17830508475,17830508799,0,53260,17830487206,17830533601
1053,0,17847457627,17847457970,0,53539,17847436474,17847483032
1054,0,17864406780,17864407119,0,54295,17864386082,17864432959
1055,0,17881355932,17881356301,0,87035,17881336242,17881414837
1056,0,17898305085,17898305430,0,55252,17898284162,17898332189
1057,0,17915254237,17915254554,0,53633,17915233151,17915279729
1058,0,17932203390,17932203714,0,54136,17932182464,17932229363
1059,0,17949152542,17949152870,0,54071,17949131638,17949178501
1060,0,17966101695,17966101988,0,53372,17966080526,17966126914
1061,0,17983050847,17983051155,0,56742,17983030743,17983079479
1062,0,18000000000,18000000326,0,55351,17999979251,18000027243
1063,0,18016949153,18016949482,0,54327,18016928217,18016975349
1064,0,18033898305,18033898623,0,53848,18033877073,18033923982
1065,0,18050847458,18050847783,0,54205,18050826855,18050873503
1066,0,18067796610,18067797689,0,89743,18067792379,18067858551
1067,0,18084745763,18084746793,0,92960,18084741912,18084810834
1068,0,18101694915,18101695963,0,90832,18101689635,18101757919
1069,0,18118644068,18118644759,0,84023,18118636171,18118700112
1070,0,18135593220,18135593641,0,66149,18135574628,18135631198
1071,0,18152542373,18152542849,0,65396,18152525713,18152579758
1072,0,18169491525,18169491932,0,59867,18169471123,18169523346
1073,0,18186440678,18186441200,0,62217,18186421640,18186474861
1074,0,18203389831,18203390422,0,65358,18203372143,18203427027
1075,0,18220338983,18220339353,0,64684,18220318065,18220375460
1076,0,18237288136,18237288438,0,55276,18237267118,18237315244
1077,0,18254237288,18254237610,0,54643,18254216192,18254263780
1078,0,18271186441,18271186733,0,54359,18271165692,18271212607
1079,0,18288135593,18288135934,0,53728,18288114466,18288161226
1080,0,18305084746,18305085134,0,56356,18305064427,18305113000
1081,0,18322033898,18322034238,0,54836,18322013247,18322060595
1082,0,18338983051,18338983399,0,53723,18338962185,18339008666
1083,0,18355932203,18355932541,0,53461,18355911130,18355957542
1084,0,18372881356,18372881684,0,53904,18372860420,18372907132
1085,0,18389830508,18389830797,0,53954,18389809651,18389856304
1086,0,18406779661,18406780003,0,60216,18406764237,18406811802
1087,0,18423728814,18423729138,0,55569,18423707917,18423756234
1088,0,18440677966,18440678337,0,54179,18440657016,18440704051
1089,0,18457627119,18457627438,0,53865,18457605934,18457652863
1090,0,18474576271,18474576588,0,53757,18474555244,18474601852
1091,0,18491525424,18491525724,0,53891,18491504321,18491551189
1092,0,18508474576,18508474907,0,54495,18508453621,18508500996
1093,0,18525423729,18525424043,0,53766,18525402509,18525449361
1094,0,18542372881,18542373186,0,56176,18542353427,18542400894
1095,0,18559322034,18559322358,0,53698,18559300943,18559347578
1096,0,18576271186,18576271564,0,53034,18576249753,18576296118
1097,0,18593220339,18593220694,0,53640,18593199292,18593245857
1098,0,18610169492,18610169874,0,54276,18610148836,18610195745
1099,0,18627118644,18627118960,0,53845,18627097496,18627144389
1100,0,18644067797,18644068103,0,56417,18644046581,18644093964
1101,0,18661016949,18661017303,0,53530,18660995884,18661042389
1102,0,18677966102,18677966417,0,53623,18677944930,18677991600
1103,0,18694915254,18694915566,0,54049,18694894133,18694941161
1104,0,18711864407,18711864765,0,60559,18711846299,18711896852
1105,0,18728813559,18728813888,0,55023,18728792907,18728840463
1106,0,18745762712,18745763051,0,54666,18745741683,18745789238
1107,0,18762711864,18762712222,0,54395,18762690727,18762738208
1108,0,18779661017,18779661318,0,54316,18779639876,18779687145
1109,0,18796610169,18796610457,0,53693,18796589093,18796635720
1110,0,18813559322,18813559696,0,54955,18813538411,18813586183
1111,0,18830508475,18830508803,0,54359,18830487662,18830534712
1112,0,18847457627,18847457955,0,54491,18847436469,18847483956
1113,0,18864406780,18864407251,0,86950,18864387838,18864465412
1114,0,18881355932,18881356232,0,56711,18881334966,18881384444
1115,0,18898305085,18898305412,0,54238,18898284095,18898331171
1116,0,18915254237,18915254581,0,53961,18915233416,18915280021
1117,0,18932203390,18932203732,0,54561,18932182327,18932229825
1118,0,18949152542,18949152863,0,52803,18949131059,18949177208
1119,0,18966101695,18966102017,0,54461,18966080669,18966127986
1120,0,18983050847,18983051307,0,60183,18983032903,18983082847
1121,0,19000000000,19000000513,0,73134,18999987210,19000044752
1122,0,19016949153,19016949879,0,82851,19016941240,19017003827
1123,0,19033898305,19033898974,0,72736,19033884403,19033942990
1124,0,19050847458,19050847794,0,55618,19050826435,19050874951
1125,0,19067796610,19067796972,0,53645,19067775534,19067822187
1126,0,19084745763,19084746072,0,53693,19084724665,19084771290
1127,0,19101694915,19101695275,0,54750,19101673873,19101721596
1128,0,19118644068,19118644428,0,59514,19118623820,19118675448
1129,0,19135593220,19135593527,0,61091,19135577605,19135626190
1130,0,19152542373,19152542684,0,54097,19152521234,19152568311
1131,0,19169491525,19169491824,0,53600,19169470334,19169517018
1132,0,19186440678,19186441023,0,53571,19186419560,19186466200
1133,0,19203389831,19203390218,0,59576,19203369988,19203421346
1134,0,19220338983,19220339374,0,73090,19220321965,19220383847
1135,0,19237288136,19237288763,0,76488,19237279987,19237336789
1136,0,19254237288,19254237915,0,87637,19254238165,19254296967
1137,0,19271186441,19271186846,0,63021,19271168379,19271221374
1138,0,19288135593,19288136067,0,64024,19288117342,19288171634
1139,0,19305084746,19305085141,0,58486,19305064344,19305115158
1140,0,19322033898,19322034280,0,58305,19322013522,19322064084
1141,0,19338983051,19338983447,0,58064,19338962803,19339013074
1142,0,19355932203,19355932529,0,54749,19355911384,19355958827
1143,0,19372881356,19372881694,0,54444,19372860526,19372907647
1144,0,19389830508,19389830802,0,53828,19389809247,19389856136
1145,0,19406779661,19406779989,0,53766,19406759010,19406805282
1146,0,19423728814,19423729181,0,55721,19423708381,19423756417
1147,0,19440677966,19440678280,0,54644,19440656939,19440704462
1148,0,19457627119,19457627475,0,54627,19457606218,19457653626
1149,0,19474576271,19474576561,0,54084,19474555286,19474602182
1150,0,19491525424,19491525760,0,54068,19491504602,19491551334
1151,0,19508474576,19508474904,0,57584,19508457265,19508504051
1152,0,19525423729,19525424123,0,53984,19525402940,19525449614
1153,0,19542372881,19542373248,0,60234,19542355257,19542404913
1154,0,19559322034,19559322339,0,54786,19559300967,19559348697
1155,0,19576271186,19576271530,0,54168,19576250481,19576297225
1156,0,19593220339,19593220622,0,53836,19593199234,19593245984
1157,0,19610169492,19610169814,0,53910,19610148690,19610195257
1158,0,19627118644,19627118971,0,53425,19627097511,19627143934
1159,0,19644067797,19644068150,0,58668,19644047983,19644098331
1160,0,19661016949,19661017306,0,54707,19660995939,19661043512
1161,0,19677966102,19677966445,0,54134,19677945137,19677992108
1162,0,19694915254,19694915592,0,53735,19694894332,19694940878
1163,0,19711864407,19711864796,0,54320,19711843720,19711890692
1164,0,19728813559,19728813865,0,53590,19728792523,19728839002
1165,0,19745762712,19745763110,0,57088,19745742435,19745791731
1166,0,19762711864,19762712185,0,54566,19762690982,19762738298
1167,0,19779661017,19779661318,0,53522,19779639876,19779686429
1168,0,19796610169,19796610472,0,54321,19796589248,19796636295
1169,0,19813559322,19813559651,0,54274,19813538415,19813585462
1170,0,19830508475,19830508788,0,54046,19830487491,19830534362
1171,0,19847457627,19847458070,0,56488,19847437663,19847486144
1172,0,19864406780,19864407148,0,54448,19864385865,19864433070
1173,0,19881355932,19881356243,0,56586,19881334778,19881384335
1174,0,19898305085,19898305392,0,54687,19898284635,19898331652
1175,0,19915254237,19915254527,0,54119,19915233242,19915280196
1176,0,19932203390,19932203692,0,54101,19932182358,19932229271
1177,0,19949152542,19949152850,0,56356,19949132218,19949180720
1178,0,19966101695,19966102015,0,56361,19966080955,19966129893
1179,0,19983050847,19983051219,0,54003,19983029735,19983076774
1180,1,20000000000,20000000342,0,55231,19999978904,20000027101
1181,1,20016949153,20016949488,0,54313,20016928443,20016975358
1182,1,20033898305,20033898596,0,53921,20033877224,20033924046
1183,1,20050847458,20050847800,0,56067,20050826812,20050875423
1184,1,20067796610,20067797122,0,68856,20067780890,20067837442
1185,1,20084745763,20084746719,0,74397,20084733135,20084792477
1186,1,20101694915,20101695878,0,84986,20101691593,20101751962
1187,1,20118644068,20118644717,0,76997,20118632130,20118692986
1188,1,20135593220,20135593564,0,55708,20135572426,20135620670
1189,1,20152542373,20152542717,0,55865,20152521622,20152570074
1190,1,20169491525,20169491934,0,62542,20169473044,20169525929
1191,1,20186440678,20186441026,0,55998,20186419781,20186468474
1192,1,20203389831,20203390159,0,54371,20203368735,20203416013
1193,1,20220338983,20220339346,0,62232,20220318756,20220373116
1194,1,20237288136,20237288469,0,54014,20237267181,20237314013
1195,1,20254237288,20254237622,0,53684,20254216228,20254262838
1196,1,20271186441,20271186786,0,57629,20271166670,20271215919
1197,1,20288135593,20288135915,0,55159,20288114529,20288162580
1198,1,20305084746,20305085055,0,54068,20305063632,20305110611
1199,1,20322033898,20322034218,0,54055,20322012786,20322059786
1200,1,20338983051,20338983392,0,62056,20338963568,20339016922
1201,1,20355932203,20355932689,0,61310,20355912761,20355965454
1202,1,20372881356,20372882015,0,74316,20372867939,20372927630
1203,1,20389830508,20389831041,0,72824,20389817506,20389875125
1204,1,20406779661,20406780087,0,65010,20406761546,20406816566
1205,1,20423728814,20423729275,0,62177,20423709231,20423762948
1206,1,20440677966,20440678335,0,57942,20440657481,20440707818
1207,1,20457627119,20457627480,0,59403,20457606849,20457658419
1208,1,20474576271,20474576698,0,61315,20474557030,20474609276
1209,1,20491525424,20491525768,0,55558,20491504439,20491552836
1210,1,20508474576,20508474924,0,54393,20508453752,20508500821
1211,1,20525423729,20525424047,0,53830,20525402667,20525449419
1212,1,20542372881,20542373198,0,56043,20542353558,20542400796
1213,1,20559322034,20559322377,0,54483,20559300905,20559348329
1214,1,20576271186,20576271548,0,61538,20576253153,20576304599
1215,1,20593220339,20593220666,0,55709,20593199410,20593247881
1216,1,20610169492,20610169854,0,54592,20610148676,20610195961
1217,1,20627118644,20627118956,0,54267,20627097689,20627144763
1218,1,20644067797,20644068140,0,54292,20644046914,20644093951
1219,1,20661016949,20661017270,0,58669,20661000931,20661047454
1220,1,20677966102,20677966450,0,56126,20677945404,20677994051
1221,1,20694915254,20694915616,0,55167,20694894243,20694942229
1222,1,20711864407,20711864799,0,53661,20711843503,20711889989
1223,1,20728813559,20728813909,0,54208,20728792593,20728839674
1224,1,20745762712,20745763074,0,54338,20745741772,20745788943
1225,1,20762711864,20762712189,0,53890,20762690893,20762737641
1226,1,20779661017,20779661336,0,55339,20779640120,20779688201
1227,1,20796610169,20796610577,0,57127,20796589938,20796639247
1228,1,20813559322,20813559649,0,54456,20813538218,20813585589
1229,1,20830508475,20830508791,0,54548,20830487720,20830534853
1230,1,20847457627,20847457992,0,68729,20847436888,20847498201
1231,1,20864406780,20864407102,0,54553,20864385754,20864433172
1232,1,20881355932,20881356421,0,89473,20881336950,20881417072
1233,1,20898305085,20898305410,0,55518,20898284426,20898332437
1234,1,20915254237,20915254553,0,54719,20915233087,20915280798
1235,1,20932203390,20932203721,0,54335,20932182775,20932229549
1236,1,20949152542,20949152866,0,54012,20949131511,20949178385
1237,1,20966101695,20966102001,0,53783,20966080441,20966127334
1238,1,20983050847,20983051220,0,53502,20983029864,20983076277
