# 60 fps for 10 s, then 1 s black; order rows-sync; sync x2, 112 bytes, source type 0x07, counter off, bytes 16-18 000000, byte 26 00, bytes 31-32 0000, level 25, byte 36 05; brightness packet x2 at 25; row tail 08 88; bars at pixel 128; wait hybrid (spin 2 ms), qdisc bypass, stamps
frame,black,tick_ns,sync_ns,added_ns,burst_ns,driver_ns,driver_row_ns
0,0,0,81586,0,86254,4050,0
1,0,16666667,16727317,0,64202,16648735,16645712
2,0,33333333,33390488,0,60125,33311724,33309068
3,0,50000000,50055380,0,58318,49976608,49973942
4,0,66666667,66724748,0,60990,66645926,66643320
5,0,83333333,83389034,0,58667,83310308,83307614
6,0,100000000,100060865,0,63608,99982058,99979448
7,0,116666667,116723561,0,59742,116644848,116642110
8,0,133333333,133388039,0,57879,133309400,133306621
9,0,150000000,150054144,0,57061,149975503,149972731
10,0,166666667,166720596,0,56716,166641815,166639206
11,0,183333333,183386284,0,55966,183307486,183304923
12,0,200000000,200061264,0,64569,199982897,199979791
13,0,216666667,216768620,0,108089,216692055,216686873
14,0,233333333,233408933,0,78982,233330686,233327290
15,0,250000000,250073545,0,77152,249995456,249991928
16,0,266666667,266736353,0,73139,266658000,266654716
17,0,283333333,283393456,0,63412,283314832,283312150
18,0,300000000,300056133,0,59090,299977420,299974754
19,0,316666667,316726242,0,62632,316647540,316644827
20,0,333333333,333397104,0,66863,333318825,333315466
21,0,350000000,350053797,0,56702,349975190,349972461
22,0,366666667,366720718,0,56766,366641904,366639315
23,0,383333333,383387102,0,56724,383308455,383305712
24,0,400000000,400060180,0,63552,399981270,399978805
25,0,416666667,416719971,0,56125,416641217,416638594
26,0,433333333,433389705,0,59203,433310976,433308315
27,0,450000000,450053525,0,56350,449974802,449972159
28,0,466666667,466720690,0,57065,466642016,466639293
29,0,483333333,483386744,0,56332,483307983,483305397
30,0,500000000,500054399,0,57178,499975566,499972979
31,0,516666667,516720475,0,56319,516641492,516639130
32,0,533333333,533387578,0,57155,533308693,533306205
33,0,550000000,550057384,0,60234,549978688,549975950
34,0,566666667,566719706,0,55653,566640750,566638341
35,0,583333333,583386282,0,55665,583307449,583304886
36,0,600000000,600053650,0,56431,599974748,599972275
37,0,616666667,616719955,0,55963,616641079,616638571
38,0,633333333,633387558,0,57092,633308747,633306124
39,0,650000000,650053830,0,56394,649974927,649972492
40,0,666666667,666720407,0,57155,666641640,666639014
41,0,683333333,683387068,0,56617,683308195,683305711
42,0,700000000,700053692,0,56432,699974862,699972363
43,0,716666667,716719832,0,55907,716641044,716638437
44,0,733333333,733386274,0,55631,733307439,733304901
45,0,750000000,750059346,0,61876,749980375,749977995
46,0,766666667,766721250,0,57327,766642448,766639845
47,0,783333333,783386743,0,56112,783307834,783305387
48,0,800000000,800052951,0,55755,799974180,799971559
49,0,816666667,816720528,0,56530,816641645,816639122
50,0,833333333,833387372,0,57258,833308901,833305977
51,0,850000000,850053787,0,56527,849974955,849972436
52,0,866666667,866720460,0,56833,866641626,866639091
53,0,883333333,883386693,0,55989,883307791,883305398
54,0,900000000,900054085,0,57113,899975243,899972704
55,0,916666667,916723373,0,59315,916644426,916641986
56,0,933333333,933386266,0,55826,933307517,933304933
57,0,950000000,950053778,0,56512,949974835,949972428
58,0,966666667,966719922,0,55903,966641051,966638566
59,0,983333333,983386607,0,55945,983307691,983305243
60,0,1000000000,1000053746,0,56514,999974928,999972375
61,0,1016666667,1016723433,0,59323,1016644436,1016642029
62,0,1033333333,1033386121,0,55465,1033307210,1033304713
63,0,1050000000,1050053781,0,56464,1049974903,1049972365
64,0,1066666667,1066720490,0,57838,1066641821,1066639142
65,0,1083333333,1083386846,0,56163,1083307953,1083305386
66,0,1100000000,1100053253,0,55946,1099974355,1099971884
67,0,1116666667,1116719559,0,55391,1116640580,1116638173
68,0,1133333333,1133386801,0,56090,1133307921,1133305496
69,0,1150000000,1150054332,0,56908,1149975411,1149972975
70,0,1166666667,1166720462,0,56587,1166641661,1166639126
71,0,1183333333,1183386864,0,56226,1183307918,1183305495
72,0,1200000000,1200053210,0,55945,1199974370,1199971869
73,0,1216666667,1216719608,0,55627,1216640786,1216638212
74,0,1233333333,1233386841,0,56160,1233307967,1233305369
75,0,1250000000,1250053478,0,56170,1249974632,1249972013
76,0,1266666667,1266720422,0,57668,1266641502,1266639065
77,0,1283333333,1283386575,0,55861,1283307634,1283305190
78,0,1300000000,1300053078,0,55950,1299974414,1299971612
79,0,1316666667,1316719581,0,55430,1316640621,1316638183
80,0,1333333333,1333395536,0,65205,1333316839,1333314050
81,0,1350000000,1350059978,0,62849,1349981230,1349978605
82,0,1366666667,1366743888,0,80694,1366666054,1366662423
83,0,1383333333,1383402801,0,72928,1383324612,1383321297
84,0,1400000000,1400064220,0,67742,1399985983,1399982667
85,0,1416666667,1416727382,0,64425,1416648745,1416645985
86,0,1433333333,1433391223,0,60750,1433312413,1433309806
87,0,1450000000,1450059474,0,62852,1449981137,1449978085
88,0,1466666667,1466731669,0,68032,1466653384,1466650101
89,0,1483333333,1483389387,0,58994,1483310698,1483308078
90,0,1500000000,1500053422,0,56509,1499974786,1499971996
91,0,1516666667,1516719871,0,56459,1516641407,1516638476
92,0,1533333333,1533386751,0,57332,1533308011,1533305329
93,0,1550000000,1550053083,0,55743,1549974172,1549971708
94,0,1566666667,1566722314,0,58798,1566643712,1566640958
95,0,1583333333,1583387778,0,57165,1583308941,1583306437
96,0,1600000000,1600053907,0,57033,1599975182,1599972467
97,0,1616666667,1616719365,0,55524,1616640434,1616637950
98,0,1633333333,1633387183,0,56464,1633308282,1633305821
99,0,1650000000,1650053447,0,56182,1649974663,1649972063
100,0,1666666667,1666722111,0,58317,1666643347,1666640699
101,0,1683333333,1683388390,0,57777,1683309574,1683307068
102,0,1700000000,1700053417,0,56537,1699974660,1699972030
103,0,1716666667,1716719996,0,56243,1716641265,1716638613
104,0,1733333333,1733386557,0,55840,1733307630,1733305182
105,0,1750000000,1750053554,0,56509,1749974771,1749972167
106,0,1766666667,1766719952,0,56026,1766641069,1766638526
107,0,1783333333,1783389405,0,58773,1783310500,1783307991
108,0,1800000000,1800053458,0,57706,1799974625,1799972101
109,0,1816666667,1816720079,0,56083,1816641252,1816638666
110,0,1833333333,1833386943,0,56352,1833308073,1833305537
111,0,1850000000,1850053417,0,56287,1849974584,1849972053
112,0,1866666667,1866719837,0,56043,1866641170,1866638436
113,0,1883333333,1883388007,0,57618,1883309340,1883306549
114,0,1900000000,1900054037,0,56664,1899975137,1899972678
115,0,1916666667,1916719887,0,55844,1916641012,1916638493
116,0,1933333333,1933392594,0,62040,1933313835,1933311222
117,0,1950000000,1950053659,0,56420,1949974832,1949972315
118,0,1966666667,1966719679,0,55636,1966640716,1966638330
119,0,1983333333,1983387800,0,57433,1983308996,1983306372
120,0,2000000000,2000053495,0,56313,1999974622,1999972146
121,0,2016666667,2016720150,0,56053,2016641174,2016638760
122,0,2033333333,2033386359,0,55674,2033307487,2033305049
123,0,2050000000,2050053533,0,56373,2049974732,2049972195
124,0,2066666667,2066720204,0,56303,2066641364,2066638809
125,0,2083333333,2083389042,0,58659,2083310365,2083307649
126,0,2100000000,2100053565,0,56396,2099974773,2099972187
127,0,2116666667,2116720311,0,56423,2116641482,2116638957
128,0,2133333333,2133387129,0,57600,2133308382,2133305757
129,0,2150000000,2150052966,0,55659,2149974050,2149971514
130,0,2166666667,2166719123,0,55198,2166640323,2166637767
131,0,2183333333,2183389456,0,58827,2183310505,2183308078
132,0,2200000000,2200055227,0,58122,2199976422,2199973840
133,0,2216666667,2216720350,0,56281,2216641447,2216638935
134,0,2233333333,2233387358,0,56652,2233308373,2233306012
135,0,2250000000,2250053531,0,56133,2249974545,2249972155
136,0,2266666667,2266720212,0,56298,2266641347,2266638780
137,0,2283333333,2283386845,0,56146,2283307959,2283305456
138,0,2300000000,2300053357,0,56062,2299974496,2299971912
139,0,2316666667,2316719956,0,56050,2316641057,2316638569
140,0,2333333333,2333386044,0,55428,2333307177,2333304657
141,0,2350000000,2350053354,0,56090,2349974478,2349971959
142,0,2366666667,2366720160,0,56006,2366641230,2366638759
143,0,2383333333,2383386439,0,55800,2383307572,2383305079
144,0,2400000000,2400055919,0,58545,2399977078,2399974441
145,0,2416666667,2416720463,0,56467,2416641570,2416639113
146,0,2433333333,2433386519,0,55847,2433307712,2433305130
147,0,2450000000,2450053070,0,56239,2449974291,2449971666
148,0,2466666667,2466726428,0,64167,2466647722,2466645084
149,0,2483333333,2483402352,0,72293,2483323936,2483320844
150,0,2500000000,2500100293,0,104831,2500022895,2500018500
151,0,2516666667,2516737366,0,91910,2516659550,2516655870
152,0,2533333333,2533398711,0,69539,2533320741,2533317252
153,0,2550000000,2550058723,0,61723,2549980119,2549977335
154,0,2566666667,2566724414,0,60636,2566645765,2566643029
155,0,2583333333,2583392117,0,62121,2583313397,2583310753
156,0,2600000000,2600056264,0,59539,2599977613,2599974934
157,0,2616666667,2616723198,0,59441,2616644398,2616641866
158,0,2633333333,2633388316,0,57899,2633309674,2633306985
159,0,2650000000,2650052895,0,56008,2649974495,2649971497
160,0,2666666667,2666719636,0,55578,2666640803,2666638246
161,0,2683333333,2683386755,0,56175,2683308028,2683305393
162,0,2700000000,2700053883,0,56639,2699975059,2699972444
163,0,2716666667,2716723273,0,59357,2716644363,2716641912
164,0,2733333333,2733388502,0,57821,2733309633,2733307125
165,0,2750000000,2750053847,0,56458,2749974883,2749972437
166,0,2766666667,2766720484,0,56646,2766641759,2766639120
167,0,2783333333,2783386529,0,56084,2783307747,2783305100
168,0,2800000000,2800053639,0,56681,2799974978,2799972204
169,0,2816666667,2816720536,0,56662,2816641744,2816639158
170,0,2833333333,2833387201,0,56440,2833308320,2833305783
171,0,2850000000,2850053752,0,56330,2849974852,2849972385
172,0,2866666667,2866725849,0,57975,2866646892,2866644498
173,0,2883333333,2883387464,0,56708,2883308556,2883306103
174,0,2900000000,2900053570,0,56244,2899974746,2899972162
175,0,2916666667,2916720150,0,56549,2916641602,2916638789
176,0,2933333333,2933388464,0,58095,2933309816,2933307045
177,0,2950000000,2950052979,0,55517,2949974010,2949971587
178,0,2966666667,2966719853,0,55633,2966640871,2966638432
179,0,2983333333,2983386222,0,55408,2983307294,2983304819
180,0,3000000000,3000054137,0,56983,2999975385,2999972747
181,0,3016666667,3016720840,0,56691,3016641918,3016639470
182,0,3033333333,3033386769,0,56066,3033307951,3033305408
183,0,3050000000,3050053239,0,55963,3049974389,3049971871
184,0,3066666667,3066719821,0,55710,3066640862,3066638363
185,0,3083333333,3083391505,0,60807,3083312657,3083310147
186,0,3100000000,3100053195,0,55836,3099974297,3099971804
187,0,3116666667,3116719835,0,55868,3116641027,3116638398
188,0,3133333333,3133389260,0,58625,3133310471,3133307888
189,0,3150000000,3150053136,0,56152,3149974423,3149971833
190,0,3166666667,3166719610,0,55680,3166640871,3166638280
191,0,3183333333,3183386710,0,55959,3183307764,3183305419
192,0,3200000000,3200054153,0,56851,3199975377,3199972785
193,0,3216666667,3216719852,0,55851,3216641019,3216638497
194,0,3233333333,3233389700,0,59440,3233311332,3233308150
195,0,3250000000,3250053531,0,56670,3249975118,3249972200
196,0,3266666667,3266720547,0,56742,3266641789,3266639182
197,0,3283333333,3283386407,0,55860,3283307682,3283305029
198,0,3300000000,3300053489,0,56007,3299974585,3299972084
199,0,3316666667,3316719701,0,55728,3316640836,3316638349
200,0,3333333333,3333389474,0,59712,3333310694,3333308100
201,0,3350000000,3350053672,0,56605,3349975023,3349972351
202,0,3366666667,3366720262,0,56262,3366641379,3366638900
203,0,3383333333,3383387222,0,56607,3383308324,3383305860
204,0,3400000000,3400054515,0,57120,3399975662,3399973202
205,0,3416666667,3416720117,0,56036,3416641229,3416638730
206,0,3433333333,3433387541,0,56830,3433308732,3433306197
207,0,3450000000,3450053427,0,56208,3449974587,3449972067
208,0,3466666667,3466719611,0,55617,3466640801,3466638243
209,0,3483333333,3483387102,0,56749,3483308275,3483305660
210,0,3500000000,3500053417,0,56269,3499974752,3499972015
211,0,3516666667,3516720129,0,56341,3516641410,3516638714
212,0,3533333333,3533386674,0,56024,3533307823,3533305280
213,0,3550000000,3550052961,0,55855,3549974253,3549971558
214,0,3566666667,3566720343,0,56452,3566641465,3566638974
215,0,3583333333,3583386588,0,56056,3583307660,3583305222
216,0,3600000000,3600062580,0,65577,3599984026,3599981058
217,0,3616666667,3616729633,0,66697,3616651216,3616648075
218,0,3633333333,3633401935,0,72506,3633324439,3633320160
219,0,3650000000,3650073378,0,77049,3649995264,3649991598
220,0,3666666667,3666731270,0,67868,3666652936,3666649837
221,0,3683333333,3683393082,0,62883,3683314628,3683311669
222,0,3700000000,3700059908,0,62780,3699981179,3699978495
223,0,3716666667,3716727613,0,64480,3716649297,3716646213
224,0,3733333333,3733393004,0,63123,3733314645,3733311636
225,0,3750000000,3750059225,0,62779,3749981107,3749977805
226,0,3766666667,3766724085,0,60818,3766645583,3766642720
227,0,3783333333,3783387205,0,56567,3783308400,3783305795
228,0,3800000000,3800054347,0,57288,3799975636,3799972934
229,0,3816666667,3816719960,0,56159,3816641202,3816638548
230,0,3833333333,3833387111,0,56544,3833308276,3833305757
231,0,3850000000,3850057318,0,59964,3849978502,3849975884
232,0,3866666667,3866721706,0,59161,3866642932,3866640309
233,0,3883333333,3883387966,0,57379,3883309150,3883306610
234,0,3900000000,3900053360,0,56069,3899974472,3899971965
235,0,3916666667,3916719870,0,56030,3916641115,3916638507
236,0,3933333333,3933386409,0,56022,3933307613,3933305032
237,0,3950000000,3950053939,0,56816,3949975119,3949972507
238,0,3966666667,3966721488,0,57931,3966643091,3966640135
239,0,3983333333,3983386665,0,55966,3983307839,3983305274
240,0,4000000000,4000054093,0,56558,3999975161,3999972755
241,0,4016666667,4016719813,0,55780,4016640939,4016638427
242,0,4033333333,4033386960,0,56328,4033308077,4033305615
243,0,4050000000,4050053827,0,56596,4049974993,4049972470
244,0,4066666667,4066721988,0,57924,4066643078,4066640587
245,0,4083333333,4083387163,0,56821,4083308587,4083305848
246,0,4100000000,4100053617,0,56272,4099974767,4099972249
247,0,4116666667,4116719750,0,55636,4116640807,4116638339
248,0,4133333333,4133387767,0,56953,4133308882,4133306366
249,0,4150000000,4150053628,0,56270,4149974742,4149972182
250,0,4166666667,4166719958,0,55911,4166641067,4166638542
251,0,4183333333,4183386043,0,55388,4183307201,4183304704
252,0,4200000000,4200053175,0,56105,4199974581,4199971747
253,0,4216666667,4216719832,0,55882,4216641011,4216638424
254,0,4233333333,4233386938,0,56099,4233308006,4233305541
255,0,4250000000,4250053418,0,56019,4249974538,4249972046
256,0,4266666667,4266720867,0,57026,4266642238,4266639490
257,0,4283333333,4283386952,0,56533,4283308272,4283305603
258,0,4300000000,4300053113,0,55540,4299974041,4299971715
259,0,4316666667,4316719265,0,55471,4316640596,4316637914
260,0,4333333333,4333391443,0,60824,4333312614,4333309966
261,0,4350000000,4350053110,0,55760,4349974252,4349971786
262,0,4366666667,4366720791,0,56838,4366641996,4366639419
263,0,4383333333,4383389119,0,58823,4383310469,4383307757
264,0,4400000000,4400053671,0,56730,4399974945,4399972298
265,0,4416666667,4416720100,0,56269,4416641329,4416638719
266,0,4433333333,4433386538,0,55911,4433307690,4433305133
267,0,4450000000,4450053288,0,55903,4449974410,4449971884
268,0,4466666667,4466720555,0,57724,4466641589,4466639189
269,0,4483333333,4483391128,0,60923,4483312512,4483309718
270,0,4500000000,4500054098,0,57059,4499975456,4499972741
271,0,4516666667,4516720412,0,56454,4516641520,4516639002
272,0,4533333333,4533393515,0,62853,4533314654,4533312049
273,0,4550000000,4550053702,0,56533,4549975033,4549972350
274,0,4566666667,4566720248,0,56306,4566641410,4566638846
275,0,4583333333,4583391355,0,60739,4583312540,4583309989
276,0,4600000000,4600055285,0,58141,4599976628,4599973883
277,0,4616666667,4616720793,0,57059,4616642095,4616639363
278,0,4633333333,4633386928,0,56367,4633308107,4633305555
279,0,4650000000,4650053851,0,56641,4649974978,4649972477
280,0,4666666667,4666719714,0,56099,4666641095,4666638315
281,0,4683333333,4683389769,0,59008,4683310873,4683308424
282,0,4700000000,4700055389,0,58299,4699976677,4699973964
283,0,4716666667,4716720781,0,57007,4716642005,4716639464
284,0,4733333333,4733395366,0,65072,4733316694,4733313834
285,0,4750000000,4750060735,0,64031,4749982267,4749979392
286,0,4766666667,4766733793,0,70392,4766655479,4766652372
287,0,4783333333,4783404592,0,92402,4783344139,4783322946
288,0,4800000000,4800066390,0,69819,4799988091,4799984996
289,0,4816666667,4816738570,0,69997,4816660011,4816657181
290,0,4833333333,4833389655,0,59422,4833310995,4833308258
291,0,4850000000,4850060317,0,63419,4849981705,4849978921
292,0,4866666667,4866723773,0,60198,4866645233,4866642345
293,0,4883333333,4883387285,0,56855,4883308638,4883305907
294,0,4900000000,4900055044,0,57860,4899976268,4899973687
295,0,4916666667,4916720351,0,56388,4916641563,4916639007
296,0,4933333333,4933386959,0,56553,4933308138,4933305591
297,0,4950000000,4950053432,0,56197,4949974713,4949972017
298,0,4966666667,4966719527,0,55655,4966640725,4966638172
299,0,4983333333,4983386712,0,56162,4983307842,4983305271
300,0,5000000000,5000054209,0,56972,4999975469,4999972876
301,0,5016666667,5016720247,0,57021,5016641866,5016638890
302,0,5033333333,5033386646,0,55980,5033307772,5033305239
303,0,5050000000,5050053389,0,55894,5049974404,5049972030
304,0,5066666667,5066720112,0,56158,5066641325,5066638697
305,0,5083333333,5083386757,0,56077,5083307905,5083305381
306,0,5100000000,5100054979,0,57763,5099976241,5099973586
307,0,5116666667,5116720019,0,56043,5116641205,5116638675
308,0,5133333333,5133387360,0,57771,5133308651,5133305950
309,0,5150000000,5150053808,0,56531,5149975011,5149972390
310,0,5166666667,5166720014,0,55956,5166641117,5166638574
311,0,5183333333,5183386302,0,55611,5183307347,5183304903
312,0,5200000000,5200086910,0,91436,5200009206,5200005251
313,0,5216666667,5216721546,0,57645,5216642697,5216640134
314,0,5233333333,5233387443,0,56889,5233308672,5233306079
315,0,5250000000,5250053184,0,55900,5249974389,5249971766
316,0,5266666667,5266720168,0,56081,5266641273,5266638782
317,0,5283333333,5283386415,0,55710,5283307585,5283305077
318,0,5300000000,5300053161,0,55661,5299974189,5299971800
319,0,5316666667,5316721371,0,57450,5316642501,5316639969
320,0,5333333333,5333387472,0,56903,5333308672,5333306125
321,0,5350000000,5350053218,0,56136,5349974537,5349971836
322,0,5366666667,5366720697,0,56844,5366641997,5366639310
323,0,5383333333,5383387345,0,56737,5383308513,5383305885
324,0,5400000000,5400053623,0,56352,5399974746,5399972221
325,0,5416666667,5416720649,0,56751,5416641872,5416639297
326,0,5433333333,5433387132,0,56416,5433308266,5433305821
327,0,5450000000,5450053480,0,56098,5449974644,5449972102
328,0,5466666667,5466720507,0,56721,5466641696,5466639122
329,0,5483333333,5483386283,0,56074,5483307682,5483304955
330,0,5500000000,5500053054,0,55747,5499974161,5499971728
331,0,5516666667,5516720041,0,56026,5516641156,5516638669
332,0,5533333333,5533386854,0,56306,5533308078,5533305468
333,0,5550000000,5550053199,0,55945,5549974480,5549971840
334,0,5566666667,5566719805,0,55945,5566641097,5566638387
335,0,5583333333,5583386427,0,55621,5583307498,5583305057
336,0,5600000000,5600056621,0,59473,5599977886,5599975205
337,0,5616666667,5616720929,0,56788,5616641985,5616639568
338,0,5633333333,5633386788,0,56099,5633307926,5633305499
339,0,5650000000,5650053360,0,56095,5649974508,5649971984
340,0,5666666667,5666719557,0,55637,5666640729,5666638167
341,0,5683333333,5683386472,0,55825,5683307638,5683305058
342,0,5700000000,5700052984,0,55667,5699974132,5699971627
343,0,5716666667,5716757271,0,95125,5716679541,5716675536
344,0,5733333333,5733388600,0,58058,5733309880,5733307277
345,0,5750000000,5750053757,0,56700,5749974881,5749972415
346,0,5766666667,5766719847,0,55931,5766641033,5766638469
347,0,5783333333,5783386454,0,55727,5783307539,5783305047
348,0,5800000000,5800054167,0,56992,5799975380,5799972821
349,0,5816666667,5816721914,0,58170,5816643155,5816640526
350,0,5833333333,5833388424,0,57787,5833309607,5833307047
351,0,5850000000,5850053593,0,56298,5849974745,5849972270
352,0,5866666667,5866735466,0,74335,5866657247,5866653931
353,0,5883333333,5883416073,0,86187,5883337995,5883334437
354,0,5900000000,5900062567,0,65805,5899984209,5899981038
355,0,5916666667,5916737950,0,75190,5916660004,5916656283
356,0,5933333333,5933396754,0,66448,5933318158,5933315347
357,0,5950000000,5950059718,0,63021,5949981174,5949978347
358,0,5966666667,5966724109,0,60509,5966645549,5966642711
359,0,5983333333,5983390494,0,60072,5983311726,5983309092
360,0,6000000000,6000056938,0,60016,5999978354,5999975539
361,0,6016666667,6016721328,0,57265,6016642404,6016639922
362,0,6033333333,6033390000,0,59454,6033311391,6033308650
363,0,6050000000,6050054090,0,57127,6049975527,6049972726
364,0,6066666667,6066721132,0,57308,6066642353,6066639705
365,0,6083333333,6083386874,0,56259,6083308012,6083305446
366,0,6100000000,6100053135,0,56035,6099974287,6099971789
367,0,6116666667,6116719777,0,55974,6116641157,6116638388
368,0,6133333333,6133387738,0,57299,6133309016,6133306351
369,0,6150000000,6150054146,0,57055,6149975398,6149972752
370,0,6166666667,6166720231,0,56349,6166641510,6166638882
371,0,6183333333,6183386359,0,55937,6183307660,6183304988
372,0,6200000000,6200054200,0,56984,6199975433,6199972744
373,0,6216666667,6216719365,0,55288,6216640510,6216638016
374,0,6233333333,6233420416,0,91083,6233342398,6233338754
375,0,6250000000,6250054145,0,56884,6249975384,6249972769
376,0,6266666667,6266720478,0,56456,6266641631,6266639096
377,0,6283333333,6283386932,0,56402,6283308196,6283305474
378,0,6300000000,6300053079,0,55858,6299974309,6299971684
379,0,6316666667,6316719595,0,55414,6316640642,6316638198
380,0,6333333333,6333388677,0,58115,6333309886,6333307284
381,0,6350000000,6350053872,0,56873,6349975063,6349972484
382,0,6366666667,6366720538,0,56405,6366641611,6366639175
383,0,6383333333,6383387557,0,56925,6383308779,6383306178
384,0,6400000000,6400053585,0,56134,6399974723,6399972140
385,0,6416666667,6416725625,0,61970,6416646890,6416644238
386,0,6433333333,6433386508,0,55715,6433307589,6433305114
387,0,6450000000,6450053826,0,56439,6449974928,6449972479
388,0,6466666667,6466721190,0,57433,6466642442,6466639794
389,0,6483333333,6483386540,0,55937,6483307690,6483305156
390,0,6500000000,6500053820,0,56386,6499974935,6499972435
391,0,6516666667,6516720200,0,56324,6516641389,6516638884
392,0,6533333333,6533386406,0,55793,6533307535,6533305033
393,0,6550000000,6550054320,0,56931,6549975472,6549972946
394,0,6566666667,6566720280,0,56253,6566641369,6566638893
395,0,6583333333,6583386412,0,55683,6583307538,6583304995
396,0,6600000000,6600053810,0,56513,6599974984,6599972402
397,0,6616666667,6616719960,0,56034,6616641104,6616638496
398,0,6633333333,6633387318,0,56502,6633308340,6633305864
399,0,6650000000,6650055025,0,57875,6649976275,6649973648
400,0,6666666667,6666720362,0,58222,6666641550,6666639014
401,0,6683333333,6683386843,0,56499,6683308153,6683305449
402,0,6700000000,6700053048,0,55849,6699974272,6699971639
403,0,6716666667,6716720300,0,56279,6716641434,6716638971
404,0,6733333333,6733387426,0,56873,6733308677,6733306039
405,0,6750000000,6750054954,0,57590,6749976137,6749973616
406,0,6766666667,6766720643,0,57287,6766642182,6766639263
407,0,6783333333,6783386397,0,55644,6783307457,6783305016
408,0,6800000000,6800053520,0,56242,6799974673,6799972113
409,0,6816666667,6816719791,0,56041,6816641137,6816638406
410,0,6833333333,6833392305,0,61519,6833313382,6833310930
411,0,6850000000,6850054139,0,56594,6849975212,6849972770
412,0,6866666667,6866722967,0,59512,6866644406,6866641423
413,0,6883333333,6883387978,0,57650,6883309326,6883306654
414,0,6900000000,6900053736,0,56451,6899974935,6899972352
415,0,6916666667,6916719826,0,55789,6916640939,6916638401
416,0,6933333333,6933387177,0,56590,6933308400,6933305746
417,0,6950000000,6950053438,0,56213,6949974675,6949971980
418,0,6966666667,6966724024,0,60328,6966645457,6966642515
419,0,6983333333,6983387170,0,56504,6983308209,6983305785
420,0,7000000000,7000058315,0,61426,6999979751,6999976985
421,0,7016666667,7016727208,0,63750,7016648679,7016645812
422,0,7033333333,7033399480,0,69375,7033321177,7033317843
423,0,7050000000,7050077154,0,80788,7049999067,7049995384
424,0,7066666667,7066738459,0,75147,7066660269,7066656910
425,0,7083333333,7083401718,0,71906,7083323499,7083320269
426,0,7100000000,7100057953,0,61097,7099979395,7099976573
427,0,7116666667,7116723758,0,60040,7116644960,7116642389
428,0,7133333333,7133391316,0,61795,7133313234,7133309903
429,0,7150000000,7150054198,0,57003,7149975392,7149972874
430,0,7166666667,7166751393,0,89278,7166673701,7166669800
431,0,7183333333,7183387960,0,57394,7183309153,7183306544
432,0,7200000000,7200053248,0,56239,7199974699,7199971915
433,0,7216666667,7216720018,0,56259,7216641348,7216638648
434,0,7233333333,7233386529,0,56055,7233307874,7233305125
435,0,7250000000,7250053609,0,56257,7249974731,7249972235
436,0,7266666667,7266720241,0,56183,7266641322,7266638914
437,0,7283333333,7283388061,0,57592,7283309284,7283306694
438,0,7300000000,7300053395,0,55995,7299974526,7299972065
439,0,7316666667,7316719950,0,55934,7316641097,7316638622
440,0,7333333333,7333386508,0,56077,7333307872,7333305083
441,0,7350000000,7350053217,0,56081,7349974454,7349971823
442,0,7366666667,7366720074,0,55956,7366641179,7366638734
443,0,7383333333,7383388803,0,58228,7383309974,7383307405
444,0,7400000000,7400053991,0,56779,7399975233,7399972629
445,0,7416666667,7416720366,0,56369,7416641512,7416638989
446,0,7433333333,7433387015,0,56437,7433308177,7433305655
447,0,7450000000,7450053839,0,56496,7449975020,7449972446
448,0,7466666667,7466719913,0,56110,7466641270,7466638561
449,0,7483333333,7483388803,0,58241,7483310161,7483307424
450,0,7500000000,7500053658,0,56649,7499974983,7499972262
451,0,7516666667,7516720568,0,56581,7516641750,7516639202
452,0,7533333333,7533386696,0,55976,7533307811,7533305285
453,0,7550000000,7550053833,0,56643,7549975159,7549972481
454,0,7566666667,7566720505,0,56641,7566641878,7566639075
455,0,7583333333,7583388768,0,58233,7583310135,7583307297
456,0,7600000000,7600060186,0,65451,7599981294,7599978829
457,0,7616666667,7616720310,0,56396,7616641498,7616638931
458,0,7633333333,7633387139,0,56447,7633308329,7633305788
459,0,7650000000,7650053731,0,56470,7649974926,7649972351
460,0,7666666667,7666720201,0,56250,7666641394,7666638838
461,0,7683333333,7683387076,0,56335,7683308166,7683305702
462,0,7700000000,7700054664,0,57416,7699975872,7699973262
463,0,7716666667,7716720143,0,56119,7716641313,7716638780
464,0,7733333333,7733387089,0,56515,7733308278,7733305654
465,0,7750000000,7750053164,0,55765,7749974298,7749971751
466,0,7766666667,7766719638,0,55570,7766640739,7766638246
467,0,7783333333,7783386923,0,56599,7783308364,7783305527
468,0,7800000000,7800057763,0,60643,7799979153,7799976404
469,0,7816666667,7816719650,0,55643,7816640825,7816638192
470,0,7833333333,7833386581,0,55809,7833307715,7833305159
471,0,7850000000,7850053289,0,55849,7849974379,7849971948
472,0,7866666667,7866720212,0,56154,7866641340,7866638814
473,0,7883333333,7883387823,0,57108,7883309006,7883306416
474,0,7900000000,7900054201,0,56969,7899975394,7899972795
475,0,7916666667,7916720072,0,56301,7916641392,7916638759
476,0,7933333333,7933386148,0,55488,7933307290,7933304829
477,0,7950000000,7950053041,0,55684,7949974154,7949971621
478,0,7966666667,7966720312,0,56282,7966641451,7966638928
479,0,7983333333,7983386494,0,55801,7983307588,7983305133
480,0,8000000000,8000054896,0,57878,7999976431,7999973497
481,0,8016666667,8016830992,0,525631,8017219826,8016749588
482,0,8033333333,8033489697,0,159279,8033410956,8033306539
483,0,8050000000,8050396740,0,399414,8050317913,8050315356
484,0,8066666667,8066720198,0,56058,8066641346,8066638859
485,0,8083333333,8083387105,0,56489,8083308310,8083305688
486,0,8100000000,8100056612,0,59472,8099977800,8099975267
487,0,8116666667,8116720244,0,56161,8116641351,8116638900
488,0,8133333333,8133393059,0,62597,8133314327,8133311626
489,0,8150000000,8150060366,0,63502,8149981903,8149978978
490,0,8166666667,8166732014,0,68372,8166653443,8166650478
491,0,8183333333,8183408598,0,78980,8183330565,8183327011
492,0,8200000000,8200065256,0,68628,8199986996,8199983826
493,0,8216666667,8216739130,0,76184,8216661203,8216657535
494,0,8233333333,8233391873,0,61583,8233313218,8233310447
495,0,8250000000,8250059920,0,62860,8249981160,8249978535
496,0,8266666667,8266723722,0,60118,8266645089,8266642333
497,0,8283333333,8283386998,0,56473,8283308223,8283305581
498,0,8300000000,8300053495,0,56397,8299974813,8299972162
499,0,8316666667,8316724912,0,61285,8316646504,8316643582
500,0,8333333333,8333387317,0,57068,8333308634,8333305938
501,0,8350000000,8350053293,0,56122,8349974509,8349971944
502,0,8366666667,8366720843,0,56929,8366642091,8366639529
503,0,8383333333,8383386792,0,56388,8383308021,8383305422
504,0,8400000000,8400054092,0,56826,8399975286,8399972763
505,0,8416666667,8416722563,0,58532,8416643691,8416641179
506,0,8433333333,8433387685,0,57127,8433308912,8433306327
507,0,8450000000,8450053087,0,55839,8449974218,8449971758
508,0,8466666667,8466720431,0,56558,8466641724,8466639042
509,0,8483333333,8483386521,0,55878,8483307688,8483305096
510,0,8500000000,8500053724,0,56407,8499974894,8499972325
511,0,8516666667,8516722030,0,58077,8516643178,8516640564
512,0,8533333333,8533387396,0,56786,8533308618,8533306049
513,0,8550000000,8550053346,0,56022,8549974437,8549971931
514,0,8566666667,8566720242,0,56274,8566641456,8566638847
515,0,8583333333,8583386351,0,55765,8583307590,8583304943
516,0,8600000000,8600053263,0,56261,8599974517,8599971878
517,0,8616666667,8616724362,0,60261,8616645416,8616643008
518,0,8633333333,8633386872,0,56331,8633308029,8633305461
519,0,8650000000,8650053683,0,56332,8649974791,8649972340
520,0,8666666667,8666719741,0,56862,8666640889,8666638348
521,0,8683333333,8683386364,0,55702,8683307533,8683304913
522,0,8700000000,8700057022,0,59814,8699978310,8699975595
523,0,8716666667,8716721407,0,57472,8716642544,8716640030
524,0,8733333333,8733391245,0,61008,8733312751,8733309851
525,0,8750000000,8750055755,0,58537,8749976953,8749974340
526,0,8766666667,8766720005,0,56004,8766641215,8766638615
527,0,8783333333,8783386953,0,56538,8783308234,8783305540
528,0,8800000000,8800053445,0,56456,8799974857,8799972002
529,0,8816666667,8816719843,0,56034,8816641054,8816638442
530,0,8833333333,8833388768,0,58411,8833310041,8833307441
531,0,8850000000,8850053530,0,56329,8849974791,8849972185
532,0,8866666667,8866721160,0,56994,8866642244,8866639835
533,0,8883333333,8883386497,0,55838,8883307618,8883305085
534,0,8900000000,8900053317,0,55856,8899974432,8899971990
535,0,8916666667,8916719718,0,55694,8916640815,8916638287
536,0,8933333333,8933388428,0,58083,8933309879,8933307042
537,0,8950000000,8950059873,0,62777,8949981327,8949978521
538,0,8966666667,8966720213,0,56204,8966641300,8966638847
539,0,8983333333,8983386523,0,55840,8983307700,8983305143
540,0,9000000000,9000052766,0,55436,8999973879,8999971365
541,0,9016666667,9016720322,0,56202,9016641425,9016638941
542,0,9033333333,9033387460,0,57308,9033308941,9033306047
543,0,9050000000,9050054973,0,57802,9049976193,9049973574
544,0,9066666667,9066720170,0,56201,9066641391,9066638830
545,0,9083333333,9083386829,0,56238,9083308043,9083305441
546,0,9100000000,9100053146,0,55879,9099974319,9099971731
547,0,9116666667,9116719788,0,55751,9116640904,9116638425
548,0,9133333333,9133386820,0,56114,9133307923,9133305449
549,0,9150000000,9150055239,0,57890,9149976450,9149973815
550,0,9166666667,9166721603,0,57717,9166642780,9166640268
551,0,9183333333,9183386487,0,56065,9183307768,9183305148
552,0,9200000000,9200058208,0,61151,9199979530,9199976857
553,0,9216666667,9216720169,0,56071,9216641293,9216638709
554,0,9233333333,9233386580,0,56007,9233307798,9233305236
555,0,9250000000,9250053863,0,56520,9249975001,9249972514
556,0,9266666667,9266727145,0,63332,9266648497,9266645767
557,0,9283333333,9283393891,0,63765,9283315455,9283312497
558,0,9300000000,9300063254,0,66522,9299984839,9299981786
559,0,9316666667,9316738344,0,74950,9316660039,9316656830
560,0,9333333333,9333399047,0,69144,9333320696,9333317606
561,0,9350000000,9350063444,0,66953,9349985064,9349981921
562,0,9366666667,9366726331,0,62901,9366647850,9366644946
563,0,9383333333,9383393555,0,63323,9383315103,9383312121
564,0,9400000000,9400056309,0,59489,9399977700,9399974848
565,0,9416666667,9416720549,0,56870,9416641909,9416639142
566,0,9433333333,9433387133,0,56491,9433308366,9433305731
567,0,9450000000,9450054407,0,57206,9449975606,9449973016
568,0,9466666667,9466720935,0,57190,9466642401,9466639547
569,0,9483333333,9483386749,0,56098,9483307911,9483305421
570,0,9500000000,9500053475,0,56337,9499974734,9499972145
571,0,9516666667,9516722333,0,58530,9516643549,9516640967
572,0,9533333333,9533386858,0,56460,9533308222,9533305419
573,0,9550000000,9550053389,0,56094,9549974475,9549972039
574,0,9566666667,9566719992,0,55923,9566641074,9566638615
575,0,9583333333,9583387023,0,56351,9583308223,9583305655
576,0,9600000000,9600053041,0,55703,9599974182,9599971648
577,0,9616666667,9616719414,0,55306,9616640536,9616638038
578,0,9633333333,9633386745,0,56059,9633307940,9633305342
579,0,9650000000,9650056786,0,59480,9649977919,9649975412
580,0,9666666667,9666720419,0,56492,9666641574,9666639089
581,0,9683333333,9683387037,0,56323,9683308165,9683305677
582,0,9700000000,9700053318,0,55971,9699974490,9699971907
583,0,9716666667,9716719901,0,55939,9716641140,9716638489
584,0,9733333333,9733386543,0,55993,9733307828,9733305182
585,0,9750000000,9750053691,0,56418,9749974884,9749972283
586,0,9766666667,9766720680,0,56775,9766641801,9766639302
587,0,9783333333,9783386650,0,55869,9783307773,9783305286
588,0,9800000000,9800053989,0,56599,9799975052,9799972590
589,0,9816666667,9816720515,0,56413,9816641587,9816639111
590,0,9833333333,9833386312,0,55555,9833307416,9833304930
591,0,9850000000,9850053150,0,55928,9849974443,9849971725
592,0,9866666667,9866724742,0,63220,9866646027,9866643398
593,0,9883333333,9883387202,0,56607,9883308323,9883305818
594,0,9900000000,9900053161,0,55854,9899974310,9899971801
595,0,9916666667,9916720124,0,56005,9916641248,9916638728
596,0,9933333333,9933386630,0,56015,9933307804,9933305256
597,0,9950000000,9950053149,0,55814,9949974318,9949971764
598,0,9966666667,9966720610,0,56686,9966641851,9966639182
599,0,9983333333,9983386388,0,55705,9983307544,9983305045
600,1,10000000000,10000054031,0,56903,9999975257,9999972594
601,1,10016666667,10016720256,0,56182,10016641346,10016638880
602,1,10033333333,10033392481,0,61788,10033313606,10033311096
603,1,10050000000,10050053237,0,55920,10049974408,10049971820
604,1,10066666667,10066721643,0,57779,10066642919,10066640280
605,1,10083333333,10083386928,0,56374,10083308187,10083305545
606,1,10100000000,10100053874,0,56572,10099975008,10099972480
607,1,10116666667,10116719805,0,55753,10116640917,10116638398
608,1,10133333333,10133386504,0,56132,10133307867,10133305123
609,1,10150000000,10150053899,0,56482,10149974976,10149972475
610,1,10166666667,10166719941,0,55888,10166641036,10166638510
611,1,10183333333,10183390456,0,59851,10183311652,10183309050
612,1,10200000000,10200056081,0,58968,10199977437,10199974637
613,1,10216666667,10216720615,0,57274,10216642308,10216639224
614,1,10233333333,10233387221,0,56690,10233308410,10233305691
615,1,10250000000,10250053999,0,56714,10249975257,10249972645
616,1,10266666667,10266719658,0,55680,10266640757,10266638224
617,1,10283333333,10283389345,0,58925,10283310672,10283307982
618,1,10300000000,10300053935,0,56787,10299975162,10299972528
619,1,10316666667,10316720318,0,56472,10316641546,10316638935
620,1,10333333333,10333387016,0,56628,10333308338,10333305540
621,1,10350000000,10350053318,0,56102,10349974614,10349971933
622,1,10366666667,10366726425,0,62568,10366647628,10366645017
623,1,10383333333,10383388588,0,57994,10383309741,10383307186
624,1,10400000000,10400062107,0,65078,10399983481,10399980707
625,1,10416666667,10416729310,0,66063,10416650845,10416647927
626,1,10433333333,10433396691,0,66834,10433318398,10433315175
627,1,10450000000,10450069308,0,73106,10449991019,10449987392
628,1,10466666667,10466731225,0,68352,10466653465,10466649764
629,1,10483333333,10483399644,0,87274,10483321446,10483318280
630,1,10500000000,10500058064,0,61335,10499979584,10499976600
631,1,10516666667,10516726446,0,63076,10516648109,10516645027
632,1,10533333333,10533389531,0,59444,10533310918,10533308158
633,1,10550000000,10550053794,0,56526,10549975054,10549972377
634,1,10566666667,10566719894,0,56194,10566641194,10566638541
635,1,10583333333,10583386859,0,56296,10583308162,10583305441
636,1,10600000000,10600054594,0,57449,10599975970,10599973158
637,1,10616666667,10616720559,0,56305,10616641553,10616639191
638,1,10633333333,10633386638,0,56015,10633307745,10633305276
639,1,10650000000,10650054193,0,56656,10649975218,10649972864
640,1,10666666667,10666720630,0,56747,10666641801,10666639245
641,1,10683333333,10683386967,0,56422,10683308160,10683305616
642,1,10700000000,10700118886,0,122019,10700040424,10700037336
643,1,10716666667,10716780679,0,117441,10716702604,10716699096
644,1,10733333333,10733398589,0,69044,10733320643,10733317103
645,1,10750000000,10750073623,0,76840,10749995494,10749991959
646,1,10766666667,10766736749,0,73736,10766658904,10766655335
647,1,10783333333,10783400460,0,70232,10783322282,10783318851
648,1,10800000000,10800061625,0,64533,10799983203,10799980259
649,1,10816666667,10816723382,0,59849,10816644904,10816641942
650,1,10833333333,10833394381,0,63915,10833315635,10833312991
651,1,10850000000,10850054885,0,57507,10849975921,10849973470
652,1,10866666667,10866721928,0,58186,10866643234,10866640430
653,1,10883333333,10883388886,0,58660,10883310399,10883307467
654,1,10900000000,10900055552,0,58622,10899976928,10899974203
655,1,10916666667,10916720439,0,56578,10916641723,10916639118
656,1,10933333333,10933387010,0,56626,10933308421,10933305631
657,1,10950000000,10950053390,0,56008,10949974542,10949971990
658,1,10966666667,10966719750,0,55783,10966640913,10966638312
659,1,10983333333,10983386290,0,55491,10983307358,10983304947
