# 20 fps for 10 s, then 1 s black; order rows-sync; sync x2, 112 bytes, source type 0x07, counter off, bytes 16-18 000000, byte 26 00, bytes 31-32 0000, level 25, byte 36 05; brightness packet x2 at 25; row tail 08 88; bars at pixel 128; wait sleep, stamps
frame,black,tick_ns,sync_ns,added_ns,burst_ns,queue_ns,driver_ns,queue_row_ns,driver_row_ns
0,0,0,256591,0,90515,0,493,-4564,-4013
1,0,50000000,50167385,0,65681,49909543,49909816,49906451,49906842
2,0,100000000,100244629,0,62085,99986792,99987065,99983779,99984169
3,0,150000000,150137157,0,61061,149879244,149879602,149876310,149876707
4,0,200000000,200145386,0,63321,199887561,199887775,199884548,199884937
5,0,250000000,250177300,0,89127,249920410,249920709,249916045,249916572
6,0,300000000,300172246,0,85054,299914852,299915145,299910648,299911111
7,0,350000000,350269616,0,80922,350012097,350012592,350008340,350008767
8,0,400000000,400141693,0,66164,399884013,399884297,399880795,399881199
9,0,450000000,450146006,0,63467,449887890,449888106,449885242,449885595
10,0,500000000,500250277,0,67378,499992428,499992779,499989371,499989799
11,0,550000000,550180118,0,74850,549922097,549922305,549919315,549919666
12,0,600000000,600246552,0,62832,599988614,599988903,599985651,599986104
13,0,650000000,650242275,0,59855,649984327,649984570,649981387,649981733
14,0,700000000,700244534,0,60489,699986374,699986602,699983734,699984104
15,0,750000000,750246993,0,64548,749988940,749989272,749986162,749986583
16,0,800000000,800248174,0,61328,799990218,799990420,799987310,799987680
17,0,850000000,850246623,0,63829,849988589,849988836,849985768,849986165
18,0,900000000,900245933,0,62747,899987950,899988320,899985108,899985469
19,0,950000000,950247070,0,64591,949989025,949989384,949986228,949986671
20,0,1000000000,1000246904,0,63101,999988837,999989044,999986025,999986380
21,0,1050000000,1050143368,0,60836,1049885400,1049885655,1049882605,1049882985
22,0,1100000000,1100248473,0,63775,1099990820,1099991109,1099987650,1099988004
23,0,1150000000,1150249780,0,65788,1149991791,1149992110,1149988892,1149989301
24,0,1200000000,1200210194,0,62297,1199952225,1199952474,1199949251,1199949692
25,0,1250000000,1250243565,0,60083,1249985511,1249985742,1249982781,1249983171
26,0,1300000000,1300145564,0,63643,1299887470,1299887781,1299884689,1299885094
27,0,1350000000,1350190662,0,94691,1349933347,1349933636,1349929324,1349929828
28,0,1400000000,1400181218,0,91801,1399924373,1399924684,1399919909,1399920565
29,0,1450000000,1450171387,0,82559,1449914292,1449914566,1449910124,1449910829
30,0,1500000000,1500231000,0,79373,1499973837,1499974126,1499969977,1499970402
31,0,1550000000,1550246900,0,63137,1549988906,1549989240,1549985894,1549986307
32,0,1600000000,1600607379,0,497506,1600349820,1600350050,1600346421,1600346848
33,0,1650000000,1650221047,0,61644,1649963095,1649963347,1649960233,1649960577
34,0,1700000000,1700192172,0,63217,1699934221,1699934457,1699931284,1699931688
35,0,1750000000,1750243206,0,59965,1749985339,1749985557,1749982368,1749982736
36,0,1800000000,1800192515,0,62181,1799934566,1799934844,1799931703,1799932059
37,0,1850000000,1850245310,0,59952,1849987275,1849987589,1849984421,1849984824
38,0,1900000000,1900174065,0,61905,1899916120,1899916363,1899913230,1899913670
39,0,1950000000,1950243472,0,60344,1949985414,1949985644,1949982700,1949983035
40,0,2000000000,2000155208,0,62831,1999897167,1999897393,1999894337,1999894737
41,0,2050000000,2050244689,0,60901,2049986791,2049987040,2049983911,2049984267
42,0,2100000000,2100135865,0,60134,2099877806,2099878249,2099875013,2099875411
43,0,2150000000,2150246417,0,63610,2149988456,2149988754,2149985649,2149986028
44,0,2200000000,2200242994,0,60295,2199985032,2199985280,2199982169,2199982550
45,0,2250000000,2250207636,0,116778,2249950503,2249950807,2249946179,2249946872
46,0,2300000000,2300148681,0,89331,2299891351,2299891566,2299887124,2299887683
47,0,2350000000,2350215085,0,70991,2349957509,2349957788,2349954147,2349954551
48,0,2400000000,2400247457,0,64277,2399989504,2399989754,2399986617,2399987026
49,0,2450000000,2450274567,0,87123,2450017481,2450017691,2450013395,2450013894
50,0,2500000000,2500178719,0,89665,2499921182,2499921457,2499917307,2499918054
51,0,2550000000,2550180003,0,88765,2549922965,2549923274,2549918740,2549919166
52,0,2600000000,2600225642,0,138439,2599969046,2599969349,2599963552,2599964094
53,0,2650000000,2650204296,0,84707,2649947189,2649947484,2649943091,2649943555
54,0,2700000000,2700248804,0,65843,2699991101,2699991341,2699988002,2699988362
55,0,2750000000,2750175999,0,61593,2749918067,2749918263,2749915108,2749915503
56,0,2800000000,2800273100,0,83351,2800015632,2800015923,2800011721,2800012353
57,0,2850000000,2850220987,0,76498,2849963784,2849964054,2849959962,2849960366
58,0,2900000000,2900247376,0,63860,2899989792,2899990002,2899986547,2899986929
59,0,2950000000,2950222367,0,85955,2949965288,2949965612,2949960579,2949961563
60,0,3000000000,3000146043,0,88320,2999889446,2999889719,2999884433,2999885050
61,0,3050000000,3050138964,0,80676,3049881554,3049881855,3049877801,3049878305
62,0,3100000000,3100199792,0,64991,3099942355,3099942579,3099938841,3099939288
63,0,3150000000,3150199857,0,64173,3149941899,3149942156,3149939042,3149939428
64,0,3200000000,3200139306,0,84972,3199881847,3199882149,3199877964,3199878489
65,0,3250000000,3250186380,0,77109,3249928975,3249929188,3249925227,3249925767
66,0,3300000000,3300248825,0,64944,3299991010,3299991295,3299988022,3299988376
67,0,3350000000,3350151158,0,63955,3349893397,3349893661,3349890303,3349890673
68,0,3400000000,3400246871,0,63882,3399988848,3399989244,3399986041,3399986419
69,0,3450000000,3450141257,0,85362,3449883923,3449884224,3449879944,3449880618
70,0,3500000000,3500272978,0,84617,3500015522,3500015867,3500011823,3500012352
71,0,3550000000,3550276389,0,89475,3550019242,3550019533,3550015398,3550015866
72,0,3600000000,3600252732,0,71183,3599995170,3599998489,3599992108,3600128195
73,0,3650000000,3650187643,0,94758,3649930817,3650004301,3649926609,3650004847
74,0,3700000000,3700205252,0,146702,3699947960,3699948967,3699943050,3699943920
75,0,3750000000,3750279764,0,89595,3750022721,3750023053,3750018310,3750019013
76,0,3800000000,3800254890,0,70382,3799997308,3799997507,3799993972,3799994378
77,0,3850000000,3850246795,0,62095,3849988711,3850017531,3849985918,3850017292
78,0,3900000000,3900212801,0,64751,3899954921,3899955182,3899951893,3899952287
79,0,3950000000,3950243291,0,60813,3949985169,3949985378,3949982446,3949982841
80,0,4000000000,4000180277,0,63984,3999922178,3999922411,3999919403,3999919803
81,0,4050000000,4050244900,0,61083,4049986907,4049987237,4049984064,4049984435
82,0,4100000000,4100204180,0,61755,4099946178,4099946553,4099943278,4099943668
83,0,4150000000,4150242716,0,59895,4149984599,4149984830,4149981921,4149982280
84,0,4200000000,4200177316,0,62446,4199919493,4199919777,4199916438,4199916827
85,0,4250000000,4250243387,0,60436,4249985417,4249985799,4249982594,4249982933
86,0,4300000000,4300143906,0,84405,4299886864,4299887066,4299882822,4299883315
87,0,4350000000,4350247010,0,63318,4349989169,4349989489,4349986096,4349986526
88,0,4400000000,4400192579,0,66392,4399934843,4399935182,4399931648,4399932101
89,0,4450000000,4450245384,0,62678,4449987486,4449987924,4449984542,4449984931
90,0,4500000000,4500182442,0,85558,4499925044,4499925324,4499920870,4499921602
91,0,4550000000,4550251421,0,63672,4549993597,4549993890,4549990577,4549990903
92,0,4600000000,4600220872,0,66271,4599963113,4599963507,4599959899,4599960325
93,0,4650000000,4650246157,0,62745,4649988297,4649988551,4649985295,4649985643
94,0,4700000000,4700143078,0,61375,4699885088,4699885388,4699882251,4699882646
95,0,4750000000,4750161699,0,75900,4749904045,4749904279,4749900469,4749900846
96,0,4800000000,4800177724,0,88541,4799920348,4799920961,4799916339,4799916968
97,0,4850000000,4850173502,0,84939,4849916526,4849916798,4849912001,4849912739
98,0,4900000000,4900142880,0,84901,4899885435,4899885726,4899881663,4899882190
99,0,4950000000,4950281064,0,91649,4950023676,4950023970,4950019633,4950020259
100,0,5000000000,5000257609,0,67055,4999999995,5000000233,4999996551,4999997062
101,0,5050000000,5050123426,0,70148,5049866221,5049866490,5049862344,5049862829
102,0,5100000000,5100246414,0,63775,5099988758,5099989077,5099985566,5099985945
103,0,5150000000,5150223915,0,68321,5149966299,5149966799,5149963083,5149963440
104,0,5200000000,5200245662,0,62380,5199988044,5199988263,5199984774,5199985145
105,0,5250000000,5250180798,0,65724,5249922850,5249923130,5249919945,5249920305
106,0,5300000000,5300245086,0,62066,5299987194,5299987493,5299984233,5299984625
107,0,5350000000,5350206646,0,63634,5349948511,5349948773,5349945837,5349946208
108,0,5400000000,5400114743,0,65083,5399856787,5399857092,5399853908,5399854261
109,0,5450000000,5450216293,0,64623,5449958778,5449959049,5449955482,5449955839
110,0,5500000000,5500246991,0,61832,5499988808,5499989350,5499986141,5499986526
111,0,5550000000,5550194514,0,61886,5549936638,5549936861,5549933657,5549934070
112,0,5600000000,5600244540,0,60489,5599986564,5599986865,5599983725,5599984065
113,0,5650000000,5650168203,0,61129,5649910416,5649910626,5649907331,5649907729
114,0,5700000000,5700152993,0,94179,5699895903,5699896233,5699891438,5699892101
115,0,5750000000,5750200738,0,80467,5749943290,5749943564,5749939351,5749939926
116,0,5800000000,5800254347,0,69373,5799996558,5799996810,5799993363,5799993732
117,0,5850000000,5850216325,0,156649,5849959391,5849960084,5849938182,5849955056
118,0,5900000000,5900182726,0,90811,5899925655,5899925865,5899921417,5899922005
119,0,5950000000,5950186077,0,96992,5949929272,5949929626,5949924217,5949924978
120,0,6000000000,6000150178,0,92174,5999893403,5999893711,5999888647,5999889394
121,0,6050000000,6050272955,0,84549,6050015630,6050016004,6050011582,6050012198
122,0,6100000000,6100251726,0,68309,6099994419,6099994709,6099990844,6099991268
123,0,6150000000,6150245183,0,61982,6149987201,6149987445,6149984339,6149984738
124,0,6200000000,6200117744,0,65138,6199859973,6199860495,6199856875,6199857260
125,0,6250000000,6250262696,0,77244,6250005189,6250005486,6250001630,6250002096
126,0,6300000000,6300252354,0,68631,6299994731,6299994971,6299991475,6299991868
127,0,6350000000,6350246741,0,63107,6349988867,6349989091,6349985924,6349986301
128,0,6400000000,6400245273,0,63476,6399987430,6399987644,6399984416,6399984781
129,0,6450000000,6450136691,0,61113,6449878822,6449879131,6449875822,6449876174
130,0,6500000000,6500254665,0,66823,6499996768,6499997046,6499993827,6499994187
131,0,6550000000,6550247051,0,61054,6549989074,6549989457,6549986147,6549986591
132,0,6600000000,6600145400,0,88500,6599888136,6599901565,6599884154,6599884624
133,0,6650000000,6650270155,0,81629,6650012731,6650013000,6650008992,6650009466
134,0,6700000000,6700221828,0,74044,6699964118,6699964420,6699960728,6699961225
135,0,6750000000,6750246090,0,62353,6749988150,6749988412,6749985249,6749985652
136,0,6800000000,6800217302,0,68976,6799959358,6799959631,6799956295,6799956798
137,0,6850000000,6850244460,0,61761,6849986562,6849986804,6849983609,6849983976
138,0,6900000000,6900207346,0,62054,6899949487,6899949795,6899946477,6899946831
139,0,6950000000,6950244108,0,60167,6949986018,6949986237,6949983257,6949983673
140,0,7000000000,7000150278,0,93173,6999893281,6999893628,6999888544,6999889057
141,0,7050000000,7050153614,0,92665,7049896469,7049896750,7049892031,7049892793
142,0,7100000000,7100180839,0,91449,7099923607,7099923816,7099919471,7099920072
143,0,7150000000,7150170537,0,83141,7149913247,7149913567,7149908941,7149909492
144,0,7200000000,7200151295,0,67917,7199893421,7199893700,7199890277,7199890688
145,0,7250000000,7250243135,0,60531,7249985168,7249985474,7249982308,7249982689
146,0,7300000000,7300152630,0,95717,7299895442,7299895786,7299890505,7299891333
147,0,7350000000,7350271780,0,84821,7350014632,7350015079,7350010434,7350011021
148,0,7400000000,7400257539,0,74524,7400000340,7400000633,7399996573,7399997022
149,0,7450000000,7450246842,0,63678,7449989124,7449989445,7449985680,7449986065
150,0,7500000000,7500145312,0,61982,7499887373,7499887655,7499884423,7499884787
151,0,7550000000,7550246558,0,63089,7549988587,7549988841,7549985780,7549986130
152,0,7600000000,7600244805,0,61404,7599986804,7599987064,7599983916,7599984308
153,0,7650000000,7650248777,0,65878,7649990854,7649991125,7649987943,7649988342
154,0,7700000000,7700245952,0,62039,7699987976,7699988318,7699985102,7699985454
155,0,7750000000,7750253307,0,63425,7749995208,7749995485,7749992396,7749992791
156,0,7800000000,7800244918,0,61109,7799987002,7799987259,7799984069,7799984460
157,0,7850000000,7850243682,0,61119,7849985775,7849986009,7849982827,7849983214
158,0,7900000000,7900245152,0,61037,7899987512,7899987812,7899984258,7899984644
159,0,7950000000,7950243320,0,59934,7949985365,7949985586,7949982499,7949982866
160,0,8000000000,8000243699,0,60413,7999985542,7999985760,7999982773,7999983179
161,0,8050000000,8050150154,0,92170,8049893025,8049893465,8049888796,8049889385
162,0,8100000000,8100179951,0,120947,8099922510,8099922801,8099918619,8099919182
163,0,8150000000,8150192524,0,73426,8149935099,8149935338,8149931467,8149931929
164,0,8200000000,8200198287,0,107562,8199940961,8199941284,8199936818,8199937345
165,0,8250000000,8250179141,0,88903,8249921925,8249922564,8249917775,8249918349
166,0,8300000000,8300262148,0,76021,8300004984,8300005271,8300001212,8300001644
167,0,8350000000,8350208629,0,69399,8349950907,8349951211,8349947453,8349948043
168,0,8400000000,8400247508,0,64018,8399989661,8399990086,8399986641,8399986995
169,0,8450000000,8450208365,0,62046,8449950499,8449950705,8449947491,8449947881
170,0,8500000000,8500247205,0,61676,8499989282,8499989604,8499986309,8499986714
171,0,8550000000,8550193899,0,61795,8549936092,8549936316,8549933032,8549933393
172,0,8600000000,8600246064,0,61701,8599988194,8599988462,8599985241,8599985590
173,0,8650000000,8650180460,0,61066,8649922395,8649922681,8649919546,8649919920
174,0,8700000000,8700243699,0,60577,8699985584,8699985803,8699982778,8699983205
175,0,8750000000,8750197129,0,60611,8749939163,8749939504,8749936299,8749936644
176,0,8800000000,8800244981,0,61398,8799986954,8799987180,8799984049,8799984480
177,0,8850000000,8850134499,0,78866,8849877303,8849877643,8849872935,8849873419
178,0,8900000000,8900145458,0,87778,8899888468,8899888750,8899884026,8899884657
179,0,8950000000,8950151583,0,68894,8949894299,8949894500,8949890649,8949891063
180,0,9000000000,9000248306,0,65239,8999990749,8999991040,8999987482,8999987820
181,0,9050000000,9050245185,0,61884,9049987289,9049987625,9049984231,9049984705
182,0,9100000000,9100276444,0,93515,9100019537,9100020098,9100015082,9100015690
183,0,9150000000,9150250637,0,68444,9149993639,9149994020,9149989351,9149989937
184,0,9200000000,9200244644,0,62445,9199986807,9199987022,9199983817,9199984209
185,0,9250000000,9250244190,0,60959,9249986321,9249986536,9249983254,9249983662
186,0,9300000000,9300173515,0,84417,9299916061,9299916334,9299912259,9299912801
187,0,9350000000,9350206714,0,148231,9349950250,9349950522,9349945023,9349945617
188,0,9400000000,9400175926,0,88136,9399918711,9399918946,9399914443,9399915154
189,0,9450000000,9450256223,0,78085,9449999146,9449999654,9449995236,9449995719
190,0,9500000000,9500226539,0,71912,9499969361,9499969646,9499965484,9499965908
191,0,9550000000,9550245549,0,62294,9549987477,9549987737,9549984718,9549985096
192,0,9600000000,9600182375,0,89040,9599925369,9599925666,9599921104,9599921591
193,0,9650000000,9650248603,0,62242,9649990830,9649991109,9649987759,9649988116
194,0,9700000000,9700216284,0,68015,9699958803,9699959128,9699955251,9699955610
195,0,9750000000,9750244026,0,61323,9749986316,9749986592,9749983123,9749983544
196,0,9800000000,9800243666,0,60929,9799985786,9799986089,9799982832,9799983177
197,0,9850000000,9850243097,0,60188,9849985034,9849985248,9849982221,9849982588
198,0,9900000000,9900199121,0,62212,9899941263,9899941491,9899938292,9899938655
199,0,9950000000,9950121346,0,62083,9949863394,9949863617,9949860433,9949860843
200,1,10000000000,10000151717,0,96198,9999894668,9999894977,9999890110,9999890735
201,1,10050000000,10050264262,0,84420,10050007352,10050007880,10050002965,10050003565
202,1,10100000000,10100188437,0,69818,10099930667,10099930939,10099927174,10099927603
203,1,10150000000,10150244283,0,61587,10149986694,10149986963,10149983444,10149983808
204,1,10200000000,10200115026,0,62500,10199857239,10199857530,10199854187,10199854528
205,1,10250000000,10250244747,0,60464,10249986845,10249987100,10249983867,10249984253
206,1,10300000000,10300143326,0,61066,10299885519,10299885725,10299882555,10299882920
207,1,10350000000,10350150235,0,92433,10349893280,10349893548,10349888848,10349889462
208,1,10400000000,10400270429,0,81214,10400013193,10400013817,10400009139,10400009671
209,1,10450000000,10450176447,0,88860,10449919289,10449919560,10449915063,10449915673
210,1,10500000000,10500184789,0,93371,10499927633,10499928044,10499923217,10499923768
211,1,10550000000,10550171894,0,84613,10549914712,10549915027,10549910643,10549911206
212,1,10600000000,10600148617,0,91959,10599891949,10599892253,10599887181,10599887830
213,1,10650000000,10650274507,0,85445,10650017440,10650017675,10650013068,10650013640
214,1,10700000000,10700251139,0,65308,10699993360,10699993577,10699990145,10699990645
215,1,10750000000,10750251689,0,66075,10749993912,10749994373,10749990625,10749991049
216,1,10800000000,10800246092,0,63374,10799988183,10799988407,10799985221,10799985589
217,1,10850000000,10850225836,0,69172,10849968226,10849968489,10849964742,10849965154
218,1,10900000000,10900249149,0,62096,10899991280,10899991575,10899988331,10899988694
219,1,10950000000,10950210462,0,63842,10949952548,10949952819,10949949624,10949950012
